practice_group,practice,region,office,city,state,final_url,displayed_phone,kw_test_url
"employment","Employment Law","Statewide","—","California","CA","https://results.wilshirelawfirm.com/employment-lawyer/","(800) 522-7274","https://results.wilshirelawfirm.com/employment-lawyer/?kw={keyword}"
"employment","Employment Law","Los Angeles","Los Angeles (office)","Los Angeles","CA","https://results.wilshirelawfirm.com/employment-lawyer/los-angeles/","(213) 329-7576","https://results.wilshirelawfirm.com/employment-lawyer/los-angeles/?kw={keyword}"
"employment","Employment Law","Los Angeles","Los Angeles","Downtown Los Angeles","CA","https://results.wilshirelawfirm.com/employment-lawyer/downtown-los-angeles/","(213) 329-7576","https://results.wilshirelawfirm.com/employment-lawyer/downtown-los-angeles/?kw={keyword}"
"employment","Employment Law","Los Angeles","Los Angeles","Hollywood","CA","https://results.wilshirelawfirm.com/employment-lawyer/hollywood/","(213) 329-7576","https://results.wilshirelawfirm.com/employment-lawyer/hollywood/?kw={keyword}"
"employment","Employment Law","Los Angeles","Los Angeles","Glendale","CA","https://results.wilshirelawfirm.com/employment-lawyer/glendale/","(213) 329-7576","https://results.wilshirelawfirm.com/employment-lawyer/glendale/?kw={keyword}"
"employment","Employment Law","Los Angeles","Los Angeles","Pasadena","CA","https://results.wilshirelawfirm.com/employment-lawyer/pasadena/","(213) 329-7576","https://results.wilshirelawfirm.com/employment-lawyer/pasadena/?kw={keyword}"
"employment","Employment Law","Los Angeles","Los Angeles","Burbank","CA","https://results.wilshirelawfirm.com/employment-lawyer/burbank/","(213) 329-7576","https://results.wilshirelawfirm.com/employment-lawyer/burbank/?kw={keyword}"
"employment","Employment Law","Los Angeles","Los Angeles","Santa Monica","CA","https://results.wilshirelawfirm.com/employment-lawyer/santa-monica/","(213) 329-7576","https://results.wilshirelawfirm.com/employment-lawyer/santa-monica/?kw={keyword}"
"employment","Employment Law","Los Angeles","Los Angeles","Inglewood","CA","https://results.wilshirelawfirm.com/employment-lawyer/inglewood/","(213) 329-7576","https://results.wilshirelawfirm.com/employment-lawyer/inglewood/?kw={keyword}"
"employment","Employment Law","Los Angeles","Los Angeles","Van Nuys","CA","https://results.wilshirelawfirm.com/employment-lawyer/van-nuys/","(213) 329-7576","https://results.wilshirelawfirm.com/employment-lawyer/van-nuys/?kw={keyword}"
"employment","Employment Law","Los Angeles","Los Angeles","East Los Angeles","CA","https://results.wilshirelawfirm.com/employment-lawyer/east-los-angeles/","(213) 329-7576","https://results.wilshirelawfirm.com/employment-lawyer/east-los-angeles/?kw={keyword}"
"employment","Employment Law","Los Angeles","Los Angeles","Koreatown","CA","https://results.wilshirelawfirm.com/employment-lawyer/koreatown/","(213) 329-7576","https://results.wilshirelawfirm.com/employment-lawyer/koreatown/?kw={keyword}"
"employment","Employment Law","Los Angeles","Los Angeles","Compton","CA","https://results.wilshirelawfirm.com/employment-lawyer/compton/","(213) 329-7576","https://results.wilshirelawfirm.com/employment-lawyer/compton/?kw={keyword}"
"employment","Employment Law","Los Angeles","Los Angeles","Whittier","CA","https://results.wilshirelawfirm.com/employment-lawyer/whittier/","(213) 329-7576","https://results.wilshirelawfirm.com/employment-lawyer/whittier/?kw={keyword}"
"employment","Employment Law","Los Angeles","Beverly Hills (office)","Beverly Hills","CA","https://results.wilshirelawfirm.com/employment-lawyer/beverly-hills/","(310) 879-1030","https://results.wilshirelawfirm.com/employment-lawyer/beverly-hills/?kw={keyword}"
"employment","Employment Law","Los Angeles","Beverly Hills","West Hollywood","CA","https://results.wilshirelawfirm.com/employment-lawyer/west-hollywood/","(310) 879-1030","https://results.wilshirelawfirm.com/employment-lawyer/west-hollywood/?kw={keyword}"
"employment","Employment Law","Los Angeles","Beverly Hills","Culver City","CA","https://results.wilshirelawfirm.com/employment-lawyer/culver-city/","(310) 879-1030","https://results.wilshirelawfirm.com/employment-lawyer/culver-city/?kw={keyword}"
"employment","Employment Law","Los Angeles","Beverly Hills","Westwood","CA","https://results.wilshirelawfirm.com/employment-lawyer/westwood/","(310) 879-1030","https://results.wilshirelawfirm.com/employment-lawyer/westwood/?kw={keyword}"
"employment","Employment Law","Los Angeles","Beverly Hills","Sherman Oaks","CA","https://results.wilshirelawfirm.com/employment-lawyer/sherman-oaks/","(310) 879-1030","https://results.wilshirelawfirm.com/employment-lawyer/sherman-oaks/?kw={keyword}"
"employment","Employment Law","Los Angeles","Torrance (office)","Torrance","CA","https://results.wilshirelawfirm.com/employment-lawyer/torrance/","(310) 307-3316","https://results.wilshirelawfirm.com/employment-lawyer/torrance/?kw={keyword}"
"employment","Employment Law","Los Angeles","Torrance","Carson","CA","https://results.wilshirelawfirm.com/employment-lawyer/carson/","(310) 307-3316","https://results.wilshirelawfirm.com/employment-lawyer/carson/?kw={keyword}"
"employment","Employment Law","Los Angeles","Torrance","Gardena","CA","https://results.wilshirelawfirm.com/employment-lawyer/gardena/","(310) 307-3316","https://results.wilshirelawfirm.com/employment-lawyer/gardena/?kw={keyword}"
"employment","Employment Law","Los Angeles","Torrance","Redondo Beach","CA","https://results.wilshirelawfirm.com/employment-lawyer/redondo-beach/","(310) 307-3316","https://results.wilshirelawfirm.com/employment-lawyer/redondo-beach/?kw={keyword}"
"employment","Employment Law","Los Angeles","Torrance","Hawthorne","CA","https://results.wilshirelawfirm.com/employment-lawyer/hawthorne/","(310) 307-3316","https://results.wilshirelawfirm.com/employment-lawyer/hawthorne/?kw={keyword}"
"employment","Employment Law","Los Angeles","Torrance","San Pedro","CA","https://results.wilshirelawfirm.com/employment-lawyer/san-pedro/","(310) 307-3316","https://results.wilshirelawfirm.com/employment-lawyer/san-pedro/?kw={keyword}"
"employment","Employment Law","Los Angeles","Long Beach (office)","Long Beach","CA","https://results.wilshirelawfirm.com/employment-lawyer/long-beach/","(800) 522-7274","https://results.wilshirelawfirm.com/employment-lawyer/long-beach/?kw={keyword}"
"employment","Employment Law","Los Angeles","Long Beach","Lakewood","CA","https://results.wilshirelawfirm.com/employment-lawyer/lakewood/","(800) 522-7274","https://results.wilshirelawfirm.com/employment-lawyer/lakewood/?kw={keyword}"
"employment","Employment Law","Los Angeles","Long Beach","Downey","CA","https://results.wilshirelawfirm.com/employment-lawyer/downey/","(800) 522-7274","https://results.wilshirelawfirm.com/employment-lawyer/downey/?kw={keyword}"
"employment","Employment Law","Los Angeles","Long Beach","Norwalk","CA","https://results.wilshirelawfirm.com/employment-lawyer/norwalk/","(800) 522-7274","https://results.wilshirelawfirm.com/employment-lawyer/norwalk/?kw={keyword}"
"employment","Employment Law","Los Angeles","Long Beach","Bellflower","CA","https://results.wilshirelawfirm.com/employment-lawyer/bellflower/","(800) 522-7274","https://results.wilshirelawfirm.com/employment-lawyer/bellflower/?kw={keyword}"
"employment","Employment Law","Los Angeles","Palmdale (office)","Palmdale","CA","https://results.wilshirelawfirm.com/employment-lawyer/palmdale/","(800) 891-1876","https://results.wilshirelawfirm.com/employment-lawyer/palmdale/?kw={keyword}"
"employment","Employment Law","Los Angeles","Palmdale","Santa Clarita","CA","https://results.wilshirelawfirm.com/employment-lawyer/santa-clarita/","(800) 891-1876","https://results.wilshirelawfirm.com/employment-lawyer/santa-clarita/?kw={keyword}"
"employment","Employment Law","Los Angeles","Palmdale","Victorville","CA","https://results.wilshirelawfirm.com/employment-lawyer/victorville/","(800) 891-1876","https://results.wilshirelawfirm.com/employment-lawyer/victorville/?kw={keyword}"
"employment","Employment Law","Los Angeles","Lancaster (office)","Lancaster","CA","https://results.wilshirelawfirm.com/employment-lawyer/lancaster/","(800) 891-1876","https://results.wilshirelawfirm.com/employment-lawyer/lancaster/?kw={keyword}"
"employment","Employment Law","Los Angeles","Lancaster","Antelope Valley","CA","https://results.wilshirelawfirm.com/employment-lawyer/antelope-valley/","(800) 891-1876","https://results.wilshirelawfirm.com/employment-lawyer/antelope-valley/?kw={keyword}"
"employment","Employment Law","Orange County","Irvine (office)","Irvine","CA","https://results.wilshirelawfirm.com/employment-lawyer/irvine/","(949) 591-8266","https://results.wilshirelawfirm.com/employment-lawyer/irvine/?kw={keyword}"
"employment","Employment Law","Orange County","Irvine","Santa Ana","CA","https://results.wilshirelawfirm.com/employment-lawyer/santa-ana/","(949) 591-8266","https://results.wilshirelawfirm.com/employment-lawyer/santa-ana/?kw={keyword}"
"employment","Employment Law","Orange County","Irvine","Huntington Beach","CA","https://results.wilshirelawfirm.com/employment-lawyer/huntington-beach/","(949) 591-8266","https://results.wilshirelawfirm.com/employment-lawyer/huntington-beach/?kw={keyword}"
"employment","Employment Law","Orange County","Irvine","Costa Mesa","CA","https://results.wilshirelawfirm.com/employment-lawyer/costa-mesa/","(949) 591-8266","https://results.wilshirelawfirm.com/employment-lawyer/costa-mesa/?kw={keyword}"
"employment","Employment Law","Orange County","Irvine","Newport Beach","CA","https://results.wilshirelawfirm.com/employment-lawyer/newport-beach/","(949) 591-8266","https://results.wilshirelawfirm.com/employment-lawyer/newport-beach/?kw={keyword}"
"employment","Employment Law","Orange County","Irvine","Mission Viejo","CA","https://results.wilshirelawfirm.com/employment-lawyer/mission-viejo/","(949) 591-8266","https://results.wilshirelawfirm.com/employment-lawyer/mission-viejo/?kw={keyword}"
"employment","Employment Law","Orange County","Irvine","Lake Forest","CA","https://results.wilshirelawfirm.com/employment-lawyer/lake-forest/","(949) 591-8266","https://results.wilshirelawfirm.com/employment-lawyer/lake-forest/?kw={keyword}"
"employment","Employment Law","Orange County","Irvine","Tustin","CA","https://results.wilshirelawfirm.com/employment-lawyer/tustin/","(949) 591-8266","https://results.wilshirelawfirm.com/employment-lawyer/tustin/?kw={keyword}"
"employment","Employment Law","Orange County","Orange (office)","Orange","CA","https://results.wilshirelawfirm.com/employment-lawyer/orange/","(714) 386-1747","https://results.wilshirelawfirm.com/employment-lawyer/orange/?kw={keyword}"
"employment","Employment Law","Orange County","Orange","Anaheim","CA","https://results.wilshirelawfirm.com/employment-lawyer/anaheim/","(714) 386-1747","https://results.wilshirelawfirm.com/employment-lawyer/anaheim/?kw={keyword}"
"employment","Employment Law","Orange County","Orange","Garden Grove","CA","https://results.wilshirelawfirm.com/employment-lawyer/garden-grove/","(714) 386-1747","https://results.wilshirelawfirm.com/employment-lawyer/garden-grove/?kw={keyword}"
"employment","Employment Law","Orange County","Orange","Fullerton","CA","https://results.wilshirelawfirm.com/employment-lawyer/fullerton/","(714) 386-1747","https://results.wilshirelawfirm.com/employment-lawyer/fullerton/?kw={keyword}"
"employment","Employment Law","Orange County","Orange","Westminster","CA","https://results.wilshirelawfirm.com/employment-lawyer/westminster/","(714) 386-1747","https://results.wilshirelawfirm.com/employment-lawyer/westminster/?kw={keyword}"
"employment","Employment Law","Inland Empire","Riverside (office)","Riverside","CA","https://results.wilshirelawfirm.com/employment-lawyer/riverside/","(951) 557-6087","https://results.wilshirelawfirm.com/employment-lawyer/riverside/?kw={keyword}"
"employment","Employment Law","Inland Empire","Riverside","Moreno Valley","CA","https://results.wilshirelawfirm.com/employment-lawyer/moreno-valley/","(951) 557-6087","https://results.wilshirelawfirm.com/employment-lawyer/moreno-valley/?kw={keyword}"
"employment","Employment Law","Inland Empire","Riverside","Corona","CA","https://results.wilshirelawfirm.com/employment-lawyer/corona/","(951) 557-6087","https://results.wilshirelawfirm.com/employment-lawyer/corona/?kw={keyword}"
"employment","Employment Law","Inland Empire","Riverside","Temecula","CA","https://results.wilshirelawfirm.com/employment-lawyer/temecula/","(951) 557-6087","https://results.wilshirelawfirm.com/employment-lawyer/temecula/?kw={keyword}"
"employment","Employment Law","Inland Empire","Riverside","Murrieta","CA","https://results.wilshirelawfirm.com/employment-lawyer/murrieta/","(951) 557-6087","https://results.wilshirelawfirm.com/employment-lawyer/murrieta/?kw={keyword}"
"employment","Employment Law","Inland Empire","Riverside","Hemet","CA","https://results.wilshirelawfirm.com/employment-lawyer/hemet/","(951) 557-6087","https://results.wilshirelawfirm.com/employment-lawyer/hemet/?kw={keyword}"
"employment","Employment Law","Inland Empire","Ontario (office)","Ontario","CA","https://results.wilshirelawfirm.com/employment-lawyer/ontario/","(800) 522-7274","https://results.wilshirelawfirm.com/employment-lawyer/ontario/?kw={keyword}"
"employment","Employment Law","Inland Empire","Ontario","San Bernardino","CA","https://results.wilshirelawfirm.com/employment-lawyer/san-bernardino/","(800) 522-7274","https://results.wilshirelawfirm.com/employment-lawyer/san-bernardino/?kw={keyword}"
"employment","Employment Law","Inland Empire","Ontario","Fontana","CA","https://results.wilshirelawfirm.com/employment-lawyer/fontana/","(800) 522-7274","https://results.wilshirelawfirm.com/employment-lawyer/fontana/?kw={keyword}"
"employment","Employment Law","Inland Empire","Ontario","Rancho Cucamonga","CA","https://results.wilshirelawfirm.com/employment-lawyer/rancho-cucamonga/","(800) 522-7274","https://results.wilshirelawfirm.com/employment-lawyer/rancho-cucamonga/?kw={keyword}"
"employment","Employment Law","Inland Empire","Ontario","Pomona","CA","https://results.wilshirelawfirm.com/employment-lawyer/pomona/","(800) 522-7274","https://results.wilshirelawfirm.com/employment-lawyer/pomona/?kw={keyword}"
"employment","Employment Law","Inland Empire","Ontario","Chino","CA","https://results.wilshirelawfirm.com/employment-lawyer/chino/","(800) 522-7274","https://results.wilshirelawfirm.com/employment-lawyer/chino/?kw={keyword}"
"employment","Employment Law","Inland Empire","Ontario","Rialto","CA","https://results.wilshirelawfirm.com/employment-lawyer/rialto/","(800) 522-7274","https://results.wilshirelawfirm.com/employment-lawyer/rialto/?kw={keyword}"
"employment","Employment Law","San Diego","San Diego (office)","San Diego","CA","https://results.wilshirelawfirm.com/employment-lawyer/san-diego/","(619) 257-2818","https://results.wilshirelawfirm.com/employment-lawyer/san-diego/?kw={keyword}"
"employment","Employment Law","San Diego","San Diego","Chula Vista","CA","https://results.wilshirelawfirm.com/employment-lawyer/chula-vista/","(619) 257-2818","https://results.wilshirelawfirm.com/employment-lawyer/chula-vista/?kw={keyword}"
"employment","Employment Law","San Diego","San Diego","Oceanside","CA","https://results.wilshirelawfirm.com/employment-lawyer/oceanside/","(619) 257-2818","https://results.wilshirelawfirm.com/employment-lawyer/oceanside/?kw={keyword}"
"employment","Employment Law","San Diego","San Diego","Escondido","CA","https://results.wilshirelawfirm.com/employment-lawyer/escondido/","(619) 257-2818","https://results.wilshirelawfirm.com/employment-lawyer/escondido/?kw={keyword}"
"employment","Employment Law","San Diego","San Diego","El Cajon","CA","https://results.wilshirelawfirm.com/employment-lawyer/el-cajon/","(619) 257-2818","https://results.wilshirelawfirm.com/employment-lawyer/el-cajon/?kw={keyword}"
"employment","Employment Law","San Diego","San Diego","Carlsbad","CA","https://results.wilshirelawfirm.com/employment-lawyer/carlsbad/","(619) 257-2818","https://results.wilshirelawfirm.com/employment-lawyer/carlsbad/?kw={keyword}"
"employment","Employment Law","San Diego","San Diego","National City","CA","https://results.wilshirelawfirm.com/employment-lawyer/national-city/","(619) 257-2818","https://results.wilshirelawfirm.com/employment-lawyer/national-city/?kw={keyword}"
"employment","Employment Law","Central Valley","Bakersfield (office)","Bakersfield","CA","https://results.wilshirelawfirm.com/employment-lawyer/bakersfield/","(800) 522-7274","https://results.wilshirelawfirm.com/employment-lawyer/bakersfield/?kw={keyword}"
"employment","Employment Law","Central Valley","Bakersfield","Delano","CA","https://results.wilshirelawfirm.com/employment-lawyer/delano/","(800) 522-7274","https://results.wilshirelawfirm.com/employment-lawyer/delano/?kw={keyword}"
"employment","Employment Law","Central Valley","Fresno (office)","Fresno","CA","https://results.wilshirelawfirm.com/employment-lawyer/fresno/","(800) 522-7274","https://results.wilshirelawfirm.com/employment-lawyer/fresno/?kw={keyword}"
"employment","Employment Law","Central Valley","Fresno","Clovis","CA","https://results.wilshirelawfirm.com/employment-lawyer/clovis/","(800) 522-7274","https://results.wilshirelawfirm.com/employment-lawyer/clovis/?kw={keyword}"
"employment","Employment Law","Central Valley","Fresno","Visalia","CA","https://results.wilshirelawfirm.com/employment-lawyer/visalia/","(800) 522-7274","https://results.wilshirelawfirm.com/employment-lawyer/visalia/?kw={keyword}"
"employment","Employment Law","Central Valley","Fresno","Madera","CA","https://results.wilshirelawfirm.com/employment-lawyer/madera/","(800) 522-7274","https://results.wilshirelawfirm.com/employment-lawyer/madera/?kw={keyword}"
"employment","Employment Law","Central Valley","Modesto (office)","Modesto","CA","https://results.wilshirelawfirm.com/employment-lawyer/modesto/","(800) 522-7274","https://results.wilshirelawfirm.com/employment-lawyer/modesto/?kw={keyword}"
"employment","Employment Law","Central Valley","Modesto","Stockton","CA","https://results.wilshirelawfirm.com/employment-lawyer/stockton/","(800) 522-7274","https://results.wilshirelawfirm.com/employment-lawyer/stockton/?kw={keyword}"
"employment","Employment Law","Central Valley","Modesto","Turlock","CA","https://results.wilshirelawfirm.com/employment-lawyer/turlock/","(800) 522-7274","https://results.wilshirelawfirm.com/employment-lawyer/turlock/?kw={keyword}"
"employment","Employment Law","Central Valley","Modesto","Merced","CA","https://results.wilshirelawfirm.com/employment-lawyer/merced/","(800) 522-7274","https://results.wilshirelawfirm.com/employment-lawyer/merced/?kw={keyword}"
"employment","Employment Law","Sacramento & Northern California","Sacramento (office)","Sacramento","CA","https://results.wilshirelawfirm.com/employment-lawyer/sacramento/","(916) 957-0598","https://results.wilshirelawfirm.com/employment-lawyer/sacramento/?kw={keyword}"
"employment","Employment Law","Sacramento & Northern California","Sacramento","Elk Grove","CA","https://results.wilshirelawfirm.com/employment-lawyer/elk-grove/","(916) 957-0598","https://results.wilshirelawfirm.com/employment-lawyer/elk-grove/?kw={keyword}"
"employment","Employment Law","Sacramento & Northern California","Sacramento","Roseville","CA","https://results.wilshirelawfirm.com/employment-lawyer/roseville/","(916) 957-0598","https://results.wilshirelawfirm.com/employment-lawyer/roseville/?kw={keyword}"
"employment","Employment Law","Sacramento & Northern California","Sacramento","Folsom","CA","https://results.wilshirelawfirm.com/employment-lawyer/folsom/","(916) 957-0598","https://results.wilshirelawfirm.com/employment-lawyer/folsom/?kw={keyword}"
"employment","Employment Law","Bay Area","Oakland (office)","Oakland","CA","https://results.wilshirelawfirm.com/employment-lawyer/oakland/","(510) 391-4877","https://results.wilshirelawfirm.com/employment-lawyer/oakland/?kw={keyword}"
"employment","Employment Law","Bay Area","Oakland","Berkeley","CA","https://results.wilshirelawfirm.com/employment-lawyer/berkeley/","(510) 391-4877","https://results.wilshirelawfirm.com/employment-lawyer/berkeley/?kw={keyword}"
"employment","Employment Law","Bay Area","Oakland","Hayward","CA","https://results.wilshirelawfirm.com/employment-lawyer/hayward/","(510) 391-4877","https://results.wilshirelawfirm.com/employment-lawyer/hayward/?kw={keyword}"
"employment","Employment Law","Bay Area","Oakland","Fremont","CA","https://results.wilshirelawfirm.com/employment-lawyer/fremont/","(510) 391-4877","https://results.wilshirelawfirm.com/employment-lawyer/fremont/?kw={keyword}"
"employment","Employment Law","Bay Area","Oakland","Richmond","CA","https://results.wilshirelawfirm.com/employment-lawyer/richmond/","(510) 391-4877","https://results.wilshirelawfirm.com/employment-lawyer/richmond/?kw={keyword}"
"employment","Employment Law","Bay Area","Oakland","Concord","CA","https://results.wilshirelawfirm.com/employment-lawyer/concord/","(510) 391-4877","https://results.wilshirelawfirm.com/employment-lawyer/concord/?kw={keyword}"
"employment","Employment Law","Bay Area","San Francisco (office)","San Francisco","CA","https://results.wilshirelawfirm.com/employment-lawyer/san-francisco/","(628) 895-2682","https://results.wilshirelawfirm.com/employment-lawyer/san-francisco/?kw={keyword}"
"employment","Employment Law","Bay Area","San Francisco","San Jose","CA","https://results.wilshirelawfirm.com/employment-lawyer/san-jose/","(628) 895-2682","https://results.wilshirelawfirm.com/employment-lawyer/san-jose/?kw={keyword}"
"employment","Employment Law","Bay Area","San Francisco","Daly City","CA","https://results.wilshirelawfirm.com/employment-lawyer/daly-city/","(628) 895-2682","https://results.wilshirelawfirm.com/employment-lawyer/daly-city/?kw={keyword}"
"employment","Employment Law","Bay Area","San Francisco","San Mateo","CA","https://results.wilshirelawfirm.com/employment-lawyer/san-mateo/","(628) 895-2682","https://results.wilshirelawfirm.com/employment-lawyer/san-mateo/?kw={keyword}"
"employment","Employment Law","Ventura & Central Coast","Oxnard (office)","Oxnard","CA","https://results.wilshirelawfirm.com/employment-lawyer/oxnard/","(800) 891-1876","https://results.wilshirelawfirm.com/employment-lawyer/oxnard/?kw={keyword}"
"employment","Employment Law","Ventura & Central Coast","Oxnard","Ventura","CA","https://results.wilshirelawfirm.com/employment-lawyer/ventura/","(800) 891-1876","https://results.wilshirelawfirm.com/employment-lawyer/ventura/?kw={keyword}"
"employment","Employment Law","Ventura & Central Coast","Oxnard","Thousand Oaks","CA","https://results.wilshirelawfirm.com/employment-lawyer/thousand-oaks/","(800) 891-1876","https://results.wilshirelawfirm.com/employment-lawyer/thousand-oaks/?kw={keyword}"
"employment","Employment Law","Ventura & Central Coast","Oxnard","Simi Valley","CA","https://results.wilshirelawfirm.com/employment-lawyer/simi-valley/","(800) 891-1876","https://results.wilshirelawfirm.com/employment-lawyer/simi-valley/?kw={keyword}"
"employment","Employment Law","Ventura & Central Coast","Oxnard","Santa Barbara","CA","https://results.wilshirelawfirm.com/employment-lawyer/santa-barbara/","(800) 891-1876","https://results.wilshirelawfirm.com/employment-lawyer/santa-barbara/?kw={keyword}"
"employment","Wrongful Termination","Statewide","—","California","CA","https://results.wilshirelawfirm.com/wrongful-termination-lawyer/","(800) 522-7274","https://results.wilshirelawfirm.com/wrongful-termination-lawyer/?kw={keyword}"
"employment","Wrongful Termination","Los Angeles","Los Angeles (office)","Los Angeles","CA","https://results.wilshirelawfirm.com/wrongful-termination-lawyer/los-angeles/","(213) 329-7576","https://results.wilshirelawfirm.com/wrongful-termination-lawyer/los-angeles/?kw={keyword}"
"employment","Wrongful Termination","Los Angeles","Los Angeles","Downtown Los Angeles","CA","https://results.wilshirelawfirm.com/wrongful-termination-lawyer/downtown-los-angeles/","(213) 329-7576","https://results.wilshirelawfirm.com/wrongful-termination-lawyer/downtown-los-angeles/?kw={keyword}"
"employment","Wrongful Termination","Los Angeles","Los Angeles","Hollywood","CA","https://results.wilshirelawfirm.com/wrongful-termination-lawyer/hollywood/","(213) 329-7576","https://results.wilshirelawfirm.com/wrongful-termination-lawyer/hollywood/?kw={keyword}"
"employment","Wrongful Termination","Los Angeles","Los Angeles","Glendale","CA","https://results.wilshirelawfirm.com/wrongful-termination-lawyer/glendale/","(213) 329-7576","https://results.wilshirelawfirm.com/wrongful-termination-lawyer/glendale/?kw={keyword}"
"employment","Wrongful Termination","Los Angeles","Los Angeles","Pasadena","CA","https://results.wilshirelawfirm.com/wrongful-termination-lawyer/pasadena/","(213) 329-7576","https://results.wilshirelawfirm.com/wrongful-termination-lawyer/pasadena/?kw={keyword}"
"employment","Wrongful Termination","Los Angeles","Los Angeles","Burbank","CA","https://results.wilshirelawfirm.com/wrongful-termination-lawyer/burbank/","(213) 329-7576","https://results.wilshirelawfirm.com/wrongful-termination-lawyer/burbank/?kw={keyword}"
"employment","Wrongful Termination","Los Angeles","Los Angeles","Santa Monica","CA","https://results.wilshirelawfirm.com/wrongful-termination-lawyer/santa-monica/","(213) 329-7576","https://results.wilshirelawfirm.com/wrongful-termination-lawyer/santa-monica/?kw={keyword}"
"employment","Wrongful Termination","Los Angeles","Los Angeles","Inglewood","CA","https://results.wilshirelawfirm.com/wrongful-termination-lawyer/inglewood/","(213) 329-7576","https://results.wilshirelawfirm.com/wrongful-termination-lawyer/inglewood/?kw={keyword}"
"employment","Wrongful Termination","Los Angeles","Los Angeles","Van Nuys","CA","https://results.wilshirelawfirm.com/wrongful-termination-lawyer/van-nuys/","(213) 329-7576","https://results.wilshirelawfirm.com/wrongful-termination-lawyer/van-nuys/?kw={keyword}"
"employment","Wrongful Termination","Los Angeles","Los Angeles","East Los Angeles","CA","https://results.wilshirelawfirm.com/wrongful-termination-lawyer/east-los-angeles/","(213) 329-7576","https://results.wilshirelawfirm.com/wrongful-termination-lawyer/east-los-angeles/?kw={keyword}"
"employment","Wrongful Termination","Los Angeles","Los Angeles","Koreatown","CA","https://results.wilshirelawfirm.com/wrongful-termination-lawyer/koreatown/","(213) 329-7576","https://results.wilshirelawfirm.com/wrongful-termination-lawyer/koreatown/?kw={keyword}"
"employment","Wrongful Termination","Los Angeles","Los Angeles","Compton","CA","https://results.wilshirelawfirm.com/wrongful-termination-lawyer/compton/","(213) 329-7576","https://results.wilshirelawfirm.com/wrongful-termination-lawyer/compton/?kw={keyword}"
"employment","Wrongful Termination","Los Angeles","Los Angeles","Whittier","CA","https://results.wilshirelawfirm.com/wrongful-termination-lawyer/whittier/","(213) 329-7576","https://results.wilshirelawfirm.com/wrongful-termination-lawyer/whittier/?kw={keyword}"
"employment","Wrongful Termination","Los Angeles","Beverly Hills (office)","Beverly Hills","CA","https://results.wilshirelawfirm.com/wrongful-termination-lawyer/beverly-hills/","(310) 879-1030","https://results.wilshirelawfirm.com/wrongful-termination-lawyer/beverly-hills/?kw={keyword}"
"employment","Wrongful Termination","Los Angeles","Beverly Hills","West Hollywood","CA","https://results.wilshirelawfirm.com/wrongful-termination-lawyer/west-hollywood/","(310) 879-1030","https://results.wilshirelawfirm.com/wrongful-termination-lawyer/west-hollywood/?kw={keyword}"
"employment","Wrongful Termination","Los Angeles","Beverly Hills","Culver City","CA","https://results.wilshirelawfirm.com/wrongful-termination-lawyer/culver-city/","(310) 879-1030","https://results.wilshirelawfirm.com/wrongful-termination-lawyer/culver-city/?kw={keyword}"
"employment","Wrongful Termination","Los Angeles","Beverly Hills","Westwood","CA","https://results.wilshirelawfirm.com/wrongful-termination-lawyer/westwood/","(310) 879-1030","https://results.wilshirelawfirm.com/wrongful-termination-lawyer/westwood/?kw={keyword}"
"employment","Wrongful Termination","Los Angeles","Beverly Hills","Sherman Oaks","CA","https://results.wilshirelawfirm.com/wrongful-termination-lawyer/sherman-oaks/","(310) 879-1030","https://results.wilshirelawfirm.com/wrongful-termination-lawyer/sherman-oaks/?kw={keyword}"
"employment","Wrongful Termination","Los Angeles","Torrance (office)","Torrance","CA","https://results.wilshirelawfirm.com/wrongful-termination-lawyer/torrance/","(310) 307-3316","https://results.wilshirelawfirm.com/wrongful-termination-lawyer/torrance/?kw={keyword}"
"employment","Wrongful Termination","Los Angeles","Torrance","Carson","CA","https://results.wilshirelawfirm.com/wrongful-termination-lawyer/carson/","(310) 307-3316","https://results.wilshirelawfirm.com/wrongful-termination-lawyer/carson/?kw={keyword}"
"employment","Wrongful Termination","Los Angeles","Torrance","Gardena","CA","https://results.wilshirelawfirm.com/wrongful-termination-lawyer/gardena/","(310) 307-3316","https://results.wilshirelawfirm.com/wrongful-termination-lawyer/gardena/?kw={keyword}"
"employment","Wrongful Termination","Los Angeles","Torrance","Redondo Beach","CA","https://results.wilshirelawfirm.com/wrongful-termination-lawyer/redondo-beach/","(310) 307-3316","https://results.wilshirelawfirm.com/wrongful-termination-lawyer/redondo-beach/?kw={keyword}"
"employment","Wrongful Termination","Los Angeles","Torrance","Hawthorne","CA","https://results.wilshirelawfirm.com/wrongful-termination-lawyer/hawthorne/","(310) 307-3316","https://results.wilshirelawfirm.com/wrongful-termination-lawyer/hawthorne/?kw={keyword}"
"employment","Wrongful Termination","Los Angeles","Torrance","San Pedro","CA","https://results.wilshirelawfirm.com/wrongful-termination-lawyer/san-pedro/","(310) 307-3316","https://results.wilshirelawfirm.com/wrongful-termination-lawyer/san-pedro/?kw={keyword}"
"employment","Wrongful Termination","Los Angeles","Long Beach (office)","Long Beach","CA","https://results.wilshirelawfirm.com/wrongful-termination-lawyer/long-beach/","(800) 522-7274","https://results.wilshirelawfirm.com/wrongful-termination-lawyer/long-beach/?kw={keyword}"
"employment","Wrongful Termination","Los Angeles","Long Beach","Lakewood","CA","https://results.wilshirelawfirm.com/wrongful-termination-lawyer/lakewood/","(800) 522-7274","https://results.wilshirelawfirm.com/wrongful-termination-lawyer/lakewood/?kw={keyword}"
"employment","Wrongful Termination","Los Angeles","Long Beach","Downey","CA","https://results.wilshirelawfirm.com/wrongful-termination-lawyer/downey/","(800) 522-7274","https://results.wilshirelawfirm.com/wrongful-termination-lawyer/downey/?kw={keyword}"
"employment","Wrongful Termination","Los Angeles","Long Beach","Norwalk","CA","https://results.wilshirelawfirm.com/wrongful-termination-lawyer/norwalk/","(800) 522-7274","https://results.wilshirelawfirm.com/wrongful-termination-lawyer/norwalk/?kw={keyword}"
"employment","Wrongful Termination","Los Angeles","Long Beach","Bellflower","CA","https://results.wilshirelawfirm.com/wrongful-termination-lawyer/bellflower/","(800) 522-7274","https://results.wilshirelawfirm.com/wrongful-termination-lawyer/bellflower/?kw={keyword}"
"employment","Wrongful Termination","Los Angeles","Palmdale (office)","Palmdale","CA","https://results.wilshirelawfirm.com/wrongful-termination-lawyer/palmdale/","(800) 891-1876","https://results.wilshirelawfirm.com/wrongful-termination-lawyer/palmdale/?kw={keyword}"
"employment","Wrongful Termination","Los Angeles","Palmdale","Santa Clarita","CA","https://results.wilshirelawfirm.com/wrongful-termination-lawyer/santa-clarita/","(800) 891-1876","https://results.wilshirelawfirm.com/wrongful-termination-lawyer/santa-clarita/?kw={keyword}"
"employment","Wrongful Termination","Los Angeles","Palmdale","Victorville","CA","https://results.wilshirelawfirm.com/wrongful-termination-lawyer/victorville/","(800) 891-1876","https://results.wilshirelawfirm.com/wrongful-termination-lawyer/victorville/?kw={keyword}"
"employment","Wrongful Termination","Los Angeles","Lancaster (office)","Lancaster","CA","https://results.wilshirelawfirm.com/wrongful-termination-lawyer/lancaster/","(800) 891-1876","https://results.wilshirelawfirm.com/wrongful-termination-lawyer/lancaster/?kw={keyword}"
"employment","Wrongful Termination","Los Angeles","Lancaster","Antelope Valley","CA","https://results.wilshirelawfirm.com/wrongful-termination-lawyer/antelope-valley/","(800) 891-1876","https://results.wilshirelawfirm.com/wrongful-termination-lawyer/antelope-valley/?kw={keyword}"
"employment","Wrongful Termination","Orange County","Irvine (office)","Irvine","CA","https://results.wilshirelawfirm.com/wrongful-termination-lawyer/irvine/","(949) 591-8266","https://results.wilshirelawfirm.com/wrongful-termination-lawyer/irvine/?kw={keyword}"
"employment","Wrongful Termination","Orange County","Irvine","Santa Ana","CA","https://results.wilshirelawfirm.com/wrongful-termination-lawyer/santa-ana/","(949) 591-8266","https://results.wilshirelawfirm.com/wrongful-termination-lawyer/santa-ana/?kw={keyword}"
"employment","Wrongful Termination","Orange County","Irvine","Huntington Beach","CA","https://results.wilshirelawfirm.com/wrongful-termination-lawyer/huntington-beach/","(949) 591-8266","https://results.wilshirelawfirm.com/wrongful-termination-lawyer/huntington-beach/?kw={keyword}"
"employment","Wrongful Termination","Orange County","Irvine","Costa Mesa","CA","https://results.wilshirelawfirm.com/wrongful-termination-lawyer/costa-mesa/","(949) 591-8266","https://results.wilshirelawfirm.com/wrongful-termination-lawyer/costa-mesa/?kw={keyword}"
"employment","Wrongful Termination","Orange County","Irvine","Newport Beach","CA","https://results.wilshirelawfirm.com/wrongful-termination-lawyer/newport-beach/","(949) 591-8266","https://results.wilshirelawfirm.com/wrongful-termination-lawyer/newport-beach/?kw={keyword}"
"employment","Wrongful Termination","Orange County","Irvine","Mission Viejo","CA","https://results.wilshirelawfirm.com/wrongful-termination-lawyer/mission-viejo/","(949) 591-8266","https://results.wilshirelawfirm.com/wrongful-termination-lawyer/mission-viejo/?kw={keyword}"
"employment","Wrongful Termination","Orange County","Irvine","Lake Forest","CA","https://results.wilshirelawfirm.com/wrongful-termination-lawyer/lake-forest/","(949) 591-8266","https://results.wilshirelawfirm.com/wrongful-termination-lawyer/lake-forest/?kw={keyword}"
"employment","Wrongful Termination","Orange County","Irvine","Tustin","CA","https://results.wilshirelawfirm.com/wrongful-termination-lawyer/tustin/","(949) 591-8266","https://results.wilshirelawfirm.com/wrongful-termination-lawyer/tustin/?kw={keyword}"
"employment","Wrongful Termination","Orange County","Orange (office)","Orange","CA","https://results.wilshirelawfirm.com/wrongful-termination-lawyer/orange/","(714) 386-1747","https://results.wilshirelawfirm.com/wrongful-termination-lawyer/orange/?kw={keyword}"
"employment","Wrongful Termination","Orange County","Orange","Anaheim","CA","https://results.wilshirelawfirm.com/wrongful-termination-lawyer/anaheim/","(714) 386-1747","https://results.wilshirelawfirm.com/wrongful-termination-lawyer/anaheim/?kw={keyword}"
"employment","Wrongful Termination","Orange County","Orange","Garden Grove","CA","https://results.wilshirelawfirm.com/wrongful-termination-lawyer/garden-grove/","(714) 386-1747","https://results.wilshirelawfirm.com/wrongful-termination-lawyer/garden-grove/?kw={keyword}"
"employment","Wrongful Termination","Orange County","Orange","Fullerton","CA","https://results.wilshirelawfirm.com/wrongful-termination-lawyer/fullerton/","(714) 386-1747","https://results.wilshirelawfirm.com/wrongful-termination-lawyer/fullerton/?kw={keyword}"
"employment","Wrongful Termination","Orange County","Orange","Westminster","CA","https://results.wilshirelawfirm.com/wrongful-termination-lawyer/westminster/","(714) 386-1747","https://results.wilshirelawfirm.com/wrongful-termination-lawyer/westminster/?kw={keyword}"
"employment","Wrongful Termination","Inland Empire","Riverside (office)","Riverside","CA","https://results.wilshirelawfirm.com/wrongful-termination-lawyer/riverside/","(951) 557-6087","https://results.wilshirelawfirm.com/wrongful-termination-lawyer/riverside/?kw={keyword}"
"employment","Wrongful Termination","Inland Empire","Riverside","Moreno Valley","CA","https://results.wilshirelawfirm.com/wrongful-termination-lawyer/moreno-valley/","(951) 557-6087","https://results.wilshirelawfirm.com/wrongful-termination-lawyer/moreno-valley/?kw={keyword}"
"employment","Wrongful Termination","Inland Empire","Riverside","Corona","CA","https://results.wilshirelawfirm.com/wrongful-termination-lawyer/corona/","(951) 557-6087","https://results.wilshirelawfirm.com/wrongful-termination-lawyer/corona/?kw={keyword}"
"employment","Wrongful Termination","Inland Empire","Riverside","Temecula","CA","https://results.wilshirelawfirm.com/wrongful-termination-lawyer/temecula/","(951) 557-6087","https://results.wilshirelawfirm.com/wrongful-termination-lawyer/temecula/?kw={keyword}"
"employment","Wrongful Termination","Inland Empire","Riverside","Murrieta","CA","https://results.wilshirelawfirm.com/wrongful-termination-lawyer/murrieta/","(951) 557-6087","https://results.wilshirelawfirm.com/wrongful-termination-lawyer/murrieta/?kw={keyword}"
"employment","Wrongful Termination","Inland Empire","Riverside","Hemet","CA","https://results.wilshirelawfirm.com/wrongful-termination-lawyer/hemet/","(951) 557-6087","https://results.wilshirelawfirm.com/wrongful-termination-lawyer/hemet/?kw={keyword}"
"employment","Wrongful Termination","Inland Empire","Ontario (office)","Ontario","CA","https://results.wilshirelawfirm.com/wrongful-termination-lawyer/ontario/","(800) 522-7274","https://results.wilshirelawfirm.com/wrongful-termination-lawyer/ontario/?kw={keyword}"
"employment","Wrongful Termination","Inland Empire","Ontario","San Bernardino","CA","https://results.wilshirelawfirm.com/wrongful-termination-lawyer/san-bernardino/","(800) 522-7274","https://results.wilshirelawfirm.com/wrongful-termination-lawyer/san-bernardino/?kw={keyword}"
"employment","Wrongful Termination","Inland Empire","Ontario","Fontana","CA","https://results.wilshirelawfirm.com/wrongful-termination-lawyer/fontana/","(800) 522-7274","https://results.wilshirelawfirm.com/wrongful-termination-lawyer/fontana/?kw={keyword}"
"employment","Wrongful Termination","Inland Empire","Ontario","Rancho Cucamonga","CA","https://results.wilshirelawfirm.com/wrongful-termination-lawyer/rancho-cucamonga/","(800) 522-7274","https://results.wilshirelawfirm.com/wrongful-termination-lawyer/rancho-cucamonga/?kw={keyword}"
"employment","Wrongful Termination","Inland Empire","Ontario","Pomona","CA","https://results.wilshirelawfirm.com/wrongful-termination-lawyer/pomona/","(800) 522-7274","https://results.wilshirelawfirm.com/wrongful-termination-lawyer/pomona/?kw={keyword}"
"employment","Wrongful Termination","Inland Empire","Ontario","Chino","CA","https://results.wilshirelawfirm.com/wrongful-termination-lawyer/chino/","(800) 522-7274","https://results.wilshirelawfirm.com/wrongful-termination-lawyer/chino/?kw={keyword}"
"employment","Wrongful Termination","Inland Empire","Ontario","Rialto","CA","https://results.wilshirelawfirm.com/wrongful-termination-lawyer/rialto/","(800) 522-7274","https://results.wilshirelawfirm.com/wrongful-termination-lawyer/rialto/?kw={keyword}"
"employment","Wrongful Termination","San Diego","San Diego (office)","San Diego","CA","https://results.wilshirelawfirm.com/wrongful-termination-lawyer/san-diego/","(619) 257-2818","https://results.wilshirelawfirm.com/wrongful-termination-lawyer/san-diego/?kw={keyword}"
"employment","Wrongful Termination","San Diego","San Diego","Chula Vista","CA","https://results.wilshirelawfirm.com/wrongful-termination-lawyer/chula-vista/","(619) 257-2818","https://results.wilshirelawfirm.com/wrongful-termination-lawyer/chula-vista/?kw={keyword}"
"employment","Wrongful Termination","San Diego","San Diego","Oceanside","CA","https://results.wilshirelawfirm.com/wrongful-termination-lawyer/oceanside/","(619) 257-2818","https://results.wilshirelawfirm.com/wrongful-termination-lawyer/oceanside/?kw={keyword}"
"employment","Wrongful Termination","San Diego","San Diego","Escondido","CA","https://results.wilshirelawfirm.com/wrongful-termination-lawyer/escondido/","(619) 257-2818","https://results.wilshirelawfirm.com/wrongful-termination-lawyer/escondido/?kw={keyword}"
"employment","Wrongful Termination","San Diego","San Diego","El Cajon","CA","https://results.wilshirelawfirm.com/wrongful-termination-lawyer/el-cajon/","(619) 257-2818","https://results.wilshirelawfirm.com/wrongful-termination-lawyer/el-cajon/?kw={keyword}"
"employment","Wrongful Termination","San Diego","San Diego","Carlsbad","CA","https://results.wilshirelawfirm.com/wrongful-termination-lawyer/carlsbad/","(619) 257-2818","https://results.wilshirelawfirm.com/wrongful-termination-lawyer/carlsbad/?kw={keyword}"
"employment","Wrongful Termination","San Diego","San Diego","National City","CA","https://results.wilshirelawfirm.com/wrongful-termination-lawyer/national-city/","(619) 257-2818","https://results.wilshirelawfirm.com/wrongful-termination-lawyer/national-city/?kw={keyword}"
"employment","Wrongful Termination","Central Valley","Bakersfield (office)","Bakersfield","CA","https://results.wilshirelawfirm.com/wrongful-termination-lawyer/bakersfield/","(800) 522-7274","https://results.wilshirelawfirm.com/wrongful-termination-lawyer/bakersfield/?kw={keyword}"
"employment","Wrongful Termination","Central Valley","Bakersfield","Delano","CA","https://results.wilshirelawfirm.com/wrongful-termination-lawyer/delano/","(800) 522-7274","https://results.wilshirelawfirm.com/wrongful-termination-lawyer/delano/?kw={keyword}"
"employment","Wrongful Termination","Central Valley","Fresno (office)","Fresno","CA","https://results.wilshirelawfirm.com/wrongful-termination-lawyer/fresno/","(800) 522-7274","https://results.wilshirelawfirm.com/wrongful-termination-lawyer/fresno/?kw={keyword}"
"employment","Wrongful Termination","Central Valley","Fresno","Clovis","CA","https://results.wilshirelawfirm.com/wrongful-termination-lawyer/clovis/","(800) 522-7274","https://results.wilshirelawfirm.com/wrongful-termination-lawyer/clovis/?kw={keyword}"
"employment","Wrongful Termination","Central Valley","Fresno","Visalia","CA","https://results.wilshirelawfirm.com/wrongful-termination-lawyer/visalia/","(800) 522-7274","https://results.wilshirelawfirm.com/wrongful-termination-lawyer/visalia/?kw={keyword}"
"employment","Wrongful Termination","Central Valley","Fresno","Madera","CA","https://results.wilshirelawfirm.com/wrongful-termination-lawyer/madera/","(800) 522-7274","https://results.wilshirelawfirm.com/wrongful-termination-lawyer/madera/?kw={keyword}"
"employment","Wrongful Termination","Central Valley","Modesto (office)","Modesto","CA","https://results.wilshirelawfirm.com/wrongful-termination-lawyer/modesto/","(800) 522-7274","https://results.wilshirelawfirm.com/wrongful-termination-lawyer/modesto/?kw={keyword}"
"employment","Wrongful Termination","Central Valley","Modesto","Stockton","CA","https://results.wilshirelawfirm.com/wrongful-termination-lawyer/stockton/","(800) 522-7274","https://results.wilshirelawfirm.com/wrongful-termination-lawyer/stockton/?kw={keyword}"
"employment","Wrongful Termination","Central Valley","Modesto","Turlock","CA","https://results.wilshirelawfirm.com/wrongful-termination-lawyer/turlock/","(800) 522-7274","https://results.wilshirelawfirm.com/wrongful-termination-lawyer/turlock/?kw={keyword}"
"employment","Wrongful Termination","Central Valley","Modesto","Merced","CA","https://results.wilshirelawfirm.com/wrongful-termination-lawyer/merced/","(800) 522-7274","https://results.wilshirelawfirm.com/wrongful-termination-lawyer/merced/?kw={keyword}"
"employment","Wrongful Termination","Sacramento & Northern California","Sacramento (office)","Sacramento","CA","https://results.wilshirelawfirm.com/wrongful-termination-lawyer/sacramento/","(916) 957-0598","https://results.wilshirelawfirm.com/wrongful-termination-lawyer/sacramento/?kw={keyword}"
"employment","Wrongful Termination","Sacramento & Northern California","Sacramento","Elk Grove","CA","https://results.wilshirelawfirm.com/wrongful-termination-lawyer/elk-grove/","(916) 957-0598","https://results.wilshirelawfirm.com/wrongful-termination-lawyer/elk-grove/?kw={keyword}"
"employment","Wrongful Termination","Sacramento & Northern California","Sacramento","Roseville","CA","https://results.wilshirelawfirm.com/wrongful-termination-lawyer/roseville/","(916) 957-0598","https://results.wilshirelawfirm.com/wrongful-termination-lawyer/roseville/?kw={keyword}"
"employment","Wrongful Termination","Sacramento & Northern California","Sacramento","Folsom","CA","https://results.wilshirelawfirm.com/wrongful-termination-lawyer/folsom/","(916) 957-0598","https://results.wilshirelawfirm.com/wrongful-termination-lawyer/folsom/?kw={keyword}"
"employment","Wrongful Termination","Bay Area","Oakland (office)","Oakland","CA","https://results.wilshirelawfirm.com/wrongful-termination-lawyer/oakland/","(510) 391-4877","https://results.wilshirelawfirm.com/wrongful-termination-lawyer/oakland/?kw={keyword}"
"employment","Wrongful Termination","Bay Area","Oakland","Berkeley","CA","https://results.wilshirelawfirm.com/wrongful-termination-lawyer/berkeley/","(510) 391-4877","https://results.wilshirelawfirm.com/wrongful-termination-lawyer/berkeley/?kw={keyword}"
"employment","Wrongful Termination","Bay Area","Oakland","Hayward","CA","https://results.wilshirelawfirm.com/wrongful-termination-lawyer/hayward/","(510) 391-4877","https://results.wilshirelawfirm.com/wrongful-termination-lawyer/hayward/?kw={keyword}"
"employment","Wrongful Termination","Bay Area","Oakland","Fremont","CA","https://results.wilshirelawfirm.com/wrongful-termination-lawyer/fremont/","(510) 391-4877","https://results.wilshirelawfirm.com/wrongful-termination-lawyer/fremont/?kw={keyword}"
"employment","Wrongful Termination","Bay Area","Oakland","Richmond","CA","https://results.wilshirelawfirm.com/wrongful-termination-lawyer/richmond/","(510) 391-4877","https://results.wilshirelawfirm.com/wrongful-termination-lawyer/richmond/?kw={keyword}"
"employment","Wrongful Termination","Bay Area","Oakland","Concord","CA","https://results.wilshirelawfirm.com/wrongful-termination-lawyer/concord/","(510) 391-4877","https://results.wilshirelawfirm.com/wrongful-termination-lawyer/concord/?kw={keyword}"
"employment","Wrongful Termination","Bay Area","San Francisco (office)","San Francisco","CA","https://results.wilshirelawfirm.com/wrongful-termination-lawyer/san-francisco/","(628) 895-2682","https://results.wilshirelawfirm.com/wrongful-termination-lawyer/san-francisco/?kw={keyword}"
"employment","Wrongful Termination","Bay Area","San Francisco","San Jose","CA","https://results.wilshirelawfirm.com/wrongful-termination-lawyer/san-jose/","(628) 895-2682","https://results.wilshirelawfirm.com/wrongful-termination-lawyer/san-jose/?kw={keyword}"
"employment","Wrongful Termination","Bay Area","San Francisco","Daly City","CA","https://results.wilshirelawfirm.com/wrongful-termination-lawyer/daly-city/","(628) 895-2682","https://results.wilshirelawfirm.com/wrongful-termination-lawyer/daly-city/?kw={keyword}"
"employment","Wrongful Termination","Bay Area","San Francisco","San Mateo","CA","https://results.wilshirelawfirm.com/wrongful-termination-lawyer/san-mateo/","(628) 895-2682","https://results.wilshirelawfirm.com/wrongful-termination-lawyer/san-mateo/?kw={keyword}"
"employment","Wrongful Termination","Ventura & Central Coast","Oxnard (office)","Oxnard","CA","https://results.wilshirelawfirm.com/wrongful-termination-lawyer/oxnard/","(800) 891-1876","https://results.wilshirelawfirm.com/wrongful-termination-lawyer/oxnard/?kw={keyword}"
"employment","Wrongful Termination","Ventura & Central Coast","Oxnard","Ventura","CA","https://results.wilshirelawfirm.com/wrongful-termination-lawyer/ventura/","(800) 891-1876","https://results.wilshirelawfirm.com/wrongful-termination-lawyer/ventura/?kw={keyword}"
"employment","Wrongful Termination","Ventura & Central Coast","Oxnard","Thousand Oaks","CA","https://results.wilshirelawfirm.com/wrongful-termination-lawyer/thousand-oaks/","(800) 891-1876","https://results.wilshirelawfirm.com/wrongful-termination-lawyer/thousand-oaks/?kw={keyword}"
"employment","Wrongful Termination","Ventura & Central Coast","Oxnard","Simi Valley","CA","https://results.wilshirelawfirm.com/wrongful-termination-lawyer/simi-valley/","(800) 891-1876","https://results.wilshirelawfirm.com/wrongful-termination-lawyer/simi-valley/?kw={keyword}"
"employment","Wrongful Termination","Ventura & Central Coast","Oxnard","Santa Barbara","CA","https://results.wilshirelawfirm.com/wrongful-termination-lawyer/santa-barbara/","(800) 891-1876","https://results.wilshirelawfirm.com/wrongful-termination-lawyer/santa-barbara/?kw={keyword}"
"employment","Unpaid Wages & Overtime","Statewide","—","California","CA","https://results.wilshirelawfirm.com/unpaid-wages-lawyer/","(800) 522-7274","https://results.wilshirelawfirm.com/unpaid-wages-lawyer/?kw={keyword}"
"employment","Unpaid Wages & Overtime","Los Angeles","Los Angeles (office)","Los Angeles","CA","https://results.wilshirelawfirm.com/unpaid-wages-lawyer/los-angeles/","(213) 329-7576","https://results.wilshirelawfirm.com/unpaid-wages-lawyer/los-angeles/?kw={keyword}"
"employment","Unpaid Wages & Overtime","Los Angeles","Los Angeles","Downtown Los Angeles","CA","https://results.wilshirelawfirm.com/unpaid-wages-lawyer/downtown-los-angeles/","(213) 329-7576","https://results.wilshirelawfirm.com/unpaid-wages-lawyer/downtown-los-angeles/?kw={keyword}"
"employment","Unpaid Wages & Overtime","Los Angeles","Los Angeles","Hollywood","CA","https://results.wilshirelawfirm.com/unpaid-wages-lawyer/hollywood/","(213) 329-7576","https://results.wilshirelawfirm.com/unpaid-wages-lawyer/hollywood/?kw={keyword}"
"employment","Unpaid Wages & Overtime","Los Angeles","Los Angeles","Glendale","CA","https://results.wilshirelawfirm.com/unpaid-wages-lawyer/glendale/","(213) 329-7576","https://results.wilshirelawfirm.com/unpaid-wages-lawyer/glendale/?kw={keyword}"
"employment","Unpaid Wages & Overtime","Los Angeles","Los Angeles","Pasadena","CA","https://results.wilshirelawfirm.com/unpaid-wages-lawyer/pasadena/","(213) 329-7576","https://results.wilshirelawfirm.com/unpaid-wages-lawyer/pasadena/?kw={keyword}"
"employment","Unpaid Wages & Overtime","Los Angeles","Los Angeles","Burbank","CA","https://results.wilshirelawfirm.com/unpaid-wages-lawyer/burbank/","(213) 329-7576","https://results.wilshirelawfirm.com/unpaid-wages-lawyer/burbank/?kw={keyword}"
"employment","Unpaid Wages & Overtime","Los Angeles","Los Angeles","Santa Monica","CA","https://results.wilshirelawfirm.com/unpaid-wages-lawyer/santa-monica/","(213) 329-7576","https://results.wilshirelawfirm.com/unpaid-wages-lawyer/santa-monica/?kw={keyword}"
"employment","Unpaid Wages & Overtime","Los Angeles","Los Angeles","Inglewood","CA","https://results.wilshirelawfirm.com/unpaid-wages-lawyer/inglewood/","(213) 329-7576","https://results.wilshirelawfirm.com/unpaid-wages-lawyer/inglewood/?kw={keyword}"
"employment","Unpaid Wages & Overtime","Los Angeles","Los Angeles","Van Nuys","CA","https://results.wilshirelawfirm.com/unpaid-wages-lawyer/van-nuys/","(213) 329-7576","https://results.wilshirelawfirm.com/unpaid-wages-lawyer/van-nuys/?kw={keyword}"
"employment","Unpaid Wages & Overtime","Los Angeles","Los Angeles","East Los Angeles","CA","https://results.wilshirelawfirm.com/unpaid-wages-lawyer/east-los-angeles/","(213) 329-7576","https://results.wilshirelawfirm.com/unpaid-wages-lawyer/east-los-angeles/?kw={keyword}"
"employment","Unpaid Wages & Overtime","Los Angeles","Los Angeles","Koreatown","CA","https://results.wilshirelawfirm.com/unpaid-wages-lawyer/koreatown/","(213) 329-7576","https://results.wilshirelawfirm.com/unpaid-wages-lawyer/koreatown/?kw={keyword}"
"employment","Unpaid Wages & Overtime","Los Angeles","Los Angeles","Compton","CA","https://results.wilshirelawfirm.com/unpaid-wages-lawyer/compton/","(213) 329-7576","https://results.wilshirelawfirm.com/unpaid-wages-lawyer/compton/?kw={keyword}"
"employment","Unpaid Wages & Overtime","Los Angeles","Los Angeles","Whittier","CA","https://results.wilshirelawfirm.com/unpaid-wages-lawyer/whittier/","(213) 329-7576","https://results.wilshirelawfirm.com/unpaid-wages-lawyer/whittier/?kw={keyword}"
"employment","Unpaid Wages & Overtime","Los Angeles","Beverly Hills (office)","Beverly Hills","CA","https://results.wilshirelawfirm.com/unpaid-wages-lawyer/beverly-hills/","(310) 879-1030","https://results.wilshirelawfirm.com/unpaid-wages-lawyer/beverly-hills/?kw={keyword}"
"employment","Unpaid Wages & Overtime","Los Angeles","Beverly Hills","West Hollywood","CA","https://results.wilshirelawfirm.com/unpaid-wages-lawyer/west-hollywood/","(310) 879-1030","https://results.wilshirelawfirm.com/unpaid-wages-lawyer/west-hollywood/?kw={keyword}"
"employment","Unpaid Wages & Overtime","Los Angeles","Beverly Hills","Culver City","CA","https://results.wilshirelawfirm.com/unpaid-wages-lawyer/culver-city/","(310) 879-1030","https://results.wilshirelawfirm.com/unpaid-wages-lawyer/culver-city/?kw={keyword}"
"employment","Unpaid Wages & Overtime","Los Angeles","Beverly Hills","Westwood","CA","https://results.wilshirelawfirm.com/unpaid-wages-lawyer/westwood/","(310) 879-1030","https://results.wilshirelawfirm.com/unpaid-wages-lawyer/westwood/?kw={keyword}"
"employment","Unpaid Wages & Overtime","Los Angeles","Beverly Hills","Sherman Oaks","CA","https://results.wilshirelawfirm.com/unpaid-wages-lawyer/sherman-oaks/","(310) 879-1030","https://results.wilshirelawfirm.com/unpaid-wages-lawyer/sherman-oaks/?kw={keyword}"
"employment","Unpaid Wages & Overtime","Los Angeles","Torrance (office)","Torrance","CA","https://results.wilshirelawfirm.com/unpaid-wages-lawyer/torrance/","(310) 307-3316","https://results.wilshirelawfirm.com/unpaid-wages-lawyer/torrance/?kw={keyword}"
"employment","Unpaid Wages & Overtime","Los Angeles","Torrance","Carson","CA","https://results.wilshirelawfirm.com/unpaid-wages-lawyer/carson/","(310) 307-3316","https://results.wilshirelawfirm.com/unpaid-wages-lawyer/carson/?kw={keyword}"
"employment","Unpaid Wages & Overtime","Los Angeles","Torrance","Gardena","CA","https://results.wilshirelawfirm.com/unpaid-wages-lawyer/gardena/","(310) 307-3316","https://results.wilshirelawfirm.com/unpaid-wages-lawyer/gardena/?kw={keyword}"
"employment","Unpaid Wages & Overtime","Los Angeles","Torrance","Redondo Beach","CA","https://results.wilshirelawfirm.com/unpaid-wages-lawyer/redondo-beach/","(310) 307-3316","https://results.wilshirelawfirm.com/unpaid-wages-lawyer/redondo-beach/?kw={keyword}"
"employment","Unpaid Wages & Overtime","Los Angeles","Torrance","Hawthorne","CA","https://results.wilshirelawfirm.com/unpaid-wages-lawyer/hawthorne/","(310) 307-3316","https://results.wilshirelawfirm.com/unpaid-wages-lawyer/hawthorne/?kw={keyword}"
"employment","Unpaid Wages & Overtime","Los Angeles","Torrance","San Pedro","CA","https://results.wilshirelawfirm.com/unpaid-wages-lawyer/san-pedro/","(310) 307-3316","https://results.wilshirelawfirm.com/unpaid-wages-lawyer/san-pedro/?kw={keyword}"
"employment","Unpaid Wages & Overtime","Los Angeles","Long Beach (office)","Long Beach","CA","https://results.wilshirelawfirm.com/unpaid-wages-lawyer/long-beach/","(800) 522-7274","https://results.wilshirelawfirm.com/unpaid-wages-lawyer/long-beach/?kw={keyword}"
"employment","Unpaid Wages & Overtime","Los Angeles","Long Beach","Lakewood","CA","https://results.wilshirelawfirm.com/unpaid-wages-lawyer/lakewood/","(800) 522-7274","https://results.wilshirelawfirm.com/unpaid-wages-lawyer/lakewood/?kw={keyword}"
"employment","Unpaid Wages & Overtime","Los Angeles","Long Beach","Downey","CA","https://results.wilshirelawfirm.com/unpaid-wages-lawyer/downey/","(800) 522-7274","https://results.wilshirelawfirm.com/unpaid-wages-lawyer/downey/?kw={keyword}"
"employment","Unpaid Wages & Overtime","Los Angeles","Long Beach","Norwalk","CA","https://results.wilshirelawfirm.com/unpaid-wages-lawyer/norwalk/","(800) 522-7274","https://results.wilshirelawfirm.com/unpaid-wages-lawyer/norwalk/?kw={keyword}"
"employment","Unpaid Wages & Overtime","Los Angeles","Long Beach","Bellflower","CA","https://results.wilshirelawfirm.com/unpaid-wages-lawyer/bellflower/","(800) 522-7274","https://results.wilshirelawfirm.com/unpaid-wages-lawyer/bellflower/?kw={keyword}"
"employment","Unpaid Wages & Overtime","Los Angeles","Palmdale (office)","Palmdale","CA","https://results.wilshirelawfirm.com/unpaid-wages-lawyer/palmdale/","(800) 891-1876","https://results.wilshirelawfirm.com/unpaid-wages-lawyer/palmdale/?kw={keyword}"
"employment","Unpaid Wages & Overtime","Los Angeles","Palmdale","Santa Clarita","CA","https://results.wilshirelawfirm.com/unpaid-wages-lawyer/santa-clarita/","(800) 891-1876","https://results.wilshirelawfirm.com/unpaid-wages-lawyer/santa-clarita/?kw={keyword}"
"employment","Unpaid Wages & Overtime","Los Angeles","Palmdale","Victorville","CA","https://results.wilshirelawfirm.com/unpaid-wages-lawyer/victorville/","(800) 891-1876","https://results.wilshirelawfirm.com/unpaid-wages-lawyer/victorville/?kw={keyword}"
"employment","Unpaid Wages & Overtime","Los Angeles","Lancaster (office)","Lancaster","CA","https://results.wilshirelawfirm.com/unpaid-wages-lawyer/lancaster/","(800) 891-1876","https://results.wilshirelawfirm.com/unpaid-wages-lawyer/lancaster/?kw={keyword}"
"employment","Unpaid Wages & Overtime","Los Angeles","Lancaster","Antelope Valley","CA","https://results.wilshirelawfirm.com/unpaid-wages-lawyer/antelope-valley/","(800) 891-1876","https://results.wilshirelawfirm.com/unpaid-wages-lawyer/antelope-valley/?kw={keyword}"
"employment","Unpaid Wages & Overtime","Orange County","Irvine (office)","Irvine","CA","https://results.wilshirelawfirm.com/unpaid-wages-lawyer/irvine/","(949) 591-8266","https://results.wilshirelawfirm.com/unpaid-wages-lawyer/irvine/?kw={keyword}"
"employment","Unpaid Wages & Overtime","Orange County","Irvine","Santa Ana","CA","https://results.wilshirelawfirm.com/unpaid-wages-lawyer/santa-ana/","(949) 591-8266","https://results.wilshirelawfirm.com/unpaid-wages-lawyer/santa-ana/?kw={keyword}"
"employment","Unpaid Wages & Overtime","Orange County","Irvine","Huntington Beach","CA","https://results.wilshirelawfirm.com/unpaid-wages-lawyer/huntington-beach/","(949) 591-8266","https://results.wilshirelawfirm.com/unpaid-wages-lawyer/huntington-beach/?kw={keyword}"
"employment","Unpaid Wages & Overtime","Orange County","Irvine","Costa Mesa","CA","https://results.wilshirelawfirm.com/unpaid-wages-lawyer/costa-mesa/","(949) 591-8266","https://results.wilshirelawfirm.com/unpaid-wages-lawyer/costa-mesa/?kw={keyword}"
"employment","Unpaid Wages & Overtime","Orange County","Irvine","Newport Beach","CA","https://results.wilshirelawfirm.com/unpaid-wages-lawyer/newport-beach/","(949) 591-8266","https://results.wilshirelawfirm.com/unpaid-wages-lawyer/newport-beach/?kw={keyword}"
"employment","Unpaid Wages & Overtime","Orange County","Irvine","Mission Viejo","CA","https://results.wilshirelawfirm.com/unpaid-wages-lawyer/mission-viejo/","(949) 591-8266","https://results.wilshirelawfirm.com/unpaid-wages-lawyer/mission-viejo/?kw={keyword}"
"employment","Unpaid Wages & Overtime","Orange County","Irvine","Lake Forest","CA","https://results.wilshirelawfirm.com/unpaid-wages-lawyer/lake-forest/","(949) 591-8266","https://results.wilshirelawfirm.com/unpaid-wages-lawyer/lake-forest/?kw={keyword}"
"employment","Unpaid Wages & Overtime","Orange County","Irvine","Tustin","CA","https://results.wilshirelawfirm.com/unpaid-wages-lawyer/tustin/","(949) 591-8266","https://results.wilshirelawfirm.com/unpaid-wages-lawyer/tustin/?kw={keyword}"
"employment","Unpaid Wages & Overtime","Orange County","Orange (office)","Orange","CA","https://results.wilshirelawfirm.com/unpaid-wages-lawyer/orange/","(714) 386-1747","https://results.wilshirelawfirm.com/unpaid-wages-lawyer/orange/?kw={keyword}"
"employment","Unpaid Wages & Overtime","Orange County","Orange","Anaheim","CA","https://results.wilshirelawfirm.com/unpaid-wages-lawyer/anaheim/","(714) 386-1747","https://results.wilshirelawfirm.com/unpaid-wages-lawyer/anaheim/?kw={keyword}"
"employment","Unpaid Wages & Overtime","Orange County","Orange","Garden Grove","CA","https://results.wilshirelawfirm.com/unpaid-wages-lawyer/garden-grove/","(714) 386-1747","https://results.wilshirelawfirm.com/unpaid-wages-lawyer/garden-grove/?kw={keyword}"
"employment","Unpaid Wages & Overtime","Orange County","Orange","Fullerton","CA","https://results.wilshirelawfirm.com/unpaid-wages-lawyer/fullerton/","(714) 386-1747","https://results.wilshirelawfirm.com/unpaid-wages-lawyer/fullerton/?kw={keyword}"
"employment","Unpaid Wages & Overtime","Orange County","Orange","Westminster","CA","https://results.wilshirelawfirm.com/unpaid-wages-lawyer/westminster/","(714) 386-1747","https://results.wilshirelawfirm.com/unpaid-wages-lawyer/westminster/?kw={keyword}"
"employment","Unpaid Wages & Overtime","Inland Empire","Riverside (office)","Riverside","CA","https://results.wilshirelawfirm.com/unpaid-wages-lawyer/riverside/","(951) 557-6087","https://results.wilshirelawfirm.com/unpaid-wages-lawyer/riverside/?kw={keyword}"
"employment","Unpaid Wages & Overtime","Inland Empire","Riverside","Moreno Valley","CA","https://results.wilshirelawfirm.com/unpaid-wages-lawyer/moreno-valley/","(951) 557-6087","https://results.wilshirelawfirm.com/unpaid-wages-lawyer/moreno-valley/?kw={keyword}"
"employment","Unpaid Wages & Overtime","Inland Empire","Riverside","Corona","CA","https://results.wilshirelawfirm.com/unpaid-wages-lawyer/corona/","(951) 557-6087","https://results.wilshirelawfirm.com/unpaid-wages-lawyer/corona/?kw={keyword}"
"employment","Unpaid Wages & Overtime","Inland Empire","Riverside","Temecula","CA","https://results.wilshirelawfirm.com/unpaid-wages-lawyer/temecula/","(951) 557-6087","https://results.wilshirelawfirm.com/unpaid-wages-lawyer/temecula/?kw={keyword}"
"employment","Unpaid Wages & Overtime","Inland Empire","Riverside","Murrieta","CA","https://results.wilshirelawfirm.com/unpaid-wages-lawyer/murrieta/","(951) 557-6087","https://results.wilshirelawfirm.com/unpaid-wages-lawyer/murrieta/?kw={keyword}"
"employment","Unpaid Wages & Overtime","Inland Empire","Riverside","Hemet","CA","https://results.wilshirelawfirm.com/unpaid-wages-lawyer/hemet/","(951) 557-6087","https://results.wilshirelawfirm.com/unpaid-wages-lawyer/hemet/?kw={keyword}"
"employment","Unpaid Wages & Overtime","Inland Empire","Ontario (office)","Ontario","CA","https://results.wilshirelawfirm.com/unpaid-wages-lawyer/ontario/","(800) 522-7274","https://results.wilshirelawfirm.com/unpaid-wages-lawyer/ontario/?kw={keyword}"
"employment","Unpaid Wages & Overtime","Inland Empire","Ontario","San Bernardino","CA","https://results.wilshirelawfirm.com/unpaid-wages-lawyer/san-bernardino/","(800) 522-7274","https://results.wilshirelawfirm.com/unpaid-wages-lawyer/san-bernardino/?kw={keyword}"
"employment","Unpaid Wages & Overtime","Inland Empire","Ontario","Fontana","CA","https://results.wilshirelawfirm.com/unpaid-wages-lawyer/fontana/","(800) 522-7274","https://results.wilshirelawfirm.com/unpaid-wages-lawyer/fontana/?kw={keyword}"
"employment","Unpaid Wages & Overtime","Inland Empire","Ontario","Rancho Cucamonga","CA","https://results.wilshirelawfirm.com/unpaid-wages-lawyer/rancho-cucamonga/","(800) 522-7274","https://results.wilshirelawfirm.com/unpaid-wages-lawyer/rancho-cucamonga/?kw={keyword}"
"employment","Unpaid Wages & Overtime","Inland Empire","Ontario","Pomona","CA","https://results.wilshirelawfirm.com/unpaid-wages-lawyer/pomona/","(800) 522-7274","https://results.wilshirelawfirm.com/unpaid-wages-lawyer/pomona/?kw={keyword}"
"employment","Unpaid Wages & Overtime","Inland Empire","Ontario","Chino","CA","https://results.wilshirelawfirm.com/unpaid-wages-lawyer/chino/","(800) 522-7274","https://results.wilshirelawfirm.com/unpaid-wages-lawyer/chino/?kw={keyword}"
"employment","Unpaid Wages & Overtime","Inland Empire","Ontario","Rialto","CA","https://results.wilshirelawfirm.com/unpaid-wages-lawyer/rialto/","(800) 522-7274","https://results.wilshirelawfirm.com/unpaid-wages-lawyer/rialto/?kw={keyword}"
"employment","Unpaid Wages & Overtime","San Diego","San Diego (office)","San Diego","CA","https://results.wilshirelawfirm.com/unpaid-wages-lawyer/san-diego/","(619) 257-2818","https://results.wilshirelawfirm.com/unpaid-wages-lawyer/san-diego/?kw={keyword}"
"employment","Unpaid Wages & Overtime","San Diego","San Diego","Chula Vista","CA","https://results.wilshirelawfirm.com/unpaid-wages-lawyer/chula-vista/","(619) 257-2818","https://results.wilshirelawfirm.com/unpaid-wages-lawyer/chula-vista/?kw={keyword}"
"employment","Unpaid Wages & Overtime","San Diego","San Diego","Oceanside","CA","https://results.wilshirelawfirm.com/unpaid-wages-lawyer/oceanside/","(619) 257-2818","https://results.wilshirelawfirm.com/unpaid-wages-lawyer/oceanside/?kw={keyword}"
"employment","Unpaid Wages & Overtime","San Diego","San Diego","Escondido","CA","https://results.wilshirelawfirm.com/unpaid-wages-lawyer/escondido/","(619) 257-2818","https://results.wilshirelawfirm.com/unpaid-wages-lawyer/escondido/?kw={keyword}"
"employment","Unpaid Wages & Overtime","San Diego","San Diego","El Cajon","CA","https://results.wilshirelawfirm.com/unpaid-wages-lawyer/el-cajon/","(619) 257-2818","https://results.wilshirelawfirm.com/unpaid-wages-lawyer/el-cajon/?kw={keyword}"
"employment","Unpaid Wages & Overtime","San Diego","San Diego","Carlsbad","CA","https://results.wilshirelawfirm.com/unpaid-wages-lawyer/carlsbad/","(619) 257-2818","https://results.wilshirelawfirm.com/unpaid-wages-lawyer/carlsbad/?kw={keyword}"
"employment","Unpaid Wages & Overtime","San Diego","San Diego","National City","CA","https://results.wilshirelawfirm.com/unpaid-wages-lawyer/national-city/","(619) 257-2818","https://results.wilshirelawfirm.com/unpaid-wages-lawyer/national-city/?kw={keyword}"
"employment","Unpaid Wages & Overtime","Central Valley","Bakersfield (office)","Bakersfield","CA","https://results.wilshirelawfirm.com/unpaid-wages-lawyer/bakersfield/","(800) 522-7274","https://results.wilshirelawfirm.com/unpaid-wages-lawyer/bakersfield/?kw={keyword}"
"employment","Unpaid Wages & Overtime","Central Valley","Bakersfield","Delano","CA","https://results.wilshirelawfirm.com/unpaid-wages-lawyer/delano/","(800) 522-7274","https://results.wilshirelawfirm.com/unpaid-wages-lawyer/delano/?kw={keyword}"
"employment","Unpaid Wages & Overtime","Central Valley","Fresno (office)","Fresno","CA","https://results.wilshirelawfirm.com/unpaid-wages-lawyer/fresno/","(800) 522-7274","https://results.wilshirelawfirm.com/unpaid-wages-lawyer/fresno/?kw={keyword}"
"employment","Unpaid Wages & Overtime","Central Valley","Fresno","Clovis","CA","https://results.wilshirelawfirm.com/unpaid-wages-lawyer/clovis/","(800) 522-7274","https://results.wilshirelawfirm.com/unpaid-wages-lawyer/clovis/?kw={keyword}"
"employment","Unpaid Wages & Overtime","Central Valley","Fresno","Visalia","CA","https://results.wilshirelawfirm.com/unpaid-wages-lawyer/visalia/","(800) 522-7274","https://results.wilshirelawfirm.com/unpaid-wages-lawyer/visalia/?kw={keyword}"
"employment","Unpaid Wages & Overtime","Central Valley","Fresno","Madera","CA","https://results.wilshirelawfirm.com/unpaid-wages-lawyer/madera/","(800) 522-7274","https://results.wilshirelawfirm.com/unpaid-wages-lawyer/madera/?kw={keyword}"
"employment","Unpaid Wages & Overtime","Central Valley","Modesto (office)","Modesto","CA","https://results.wilshirelawfirm.com/unpaid-wages-lawyer/modesto/","(800) 522-7274","https://results.wilshirelawfirm.com/unpaid-wages-lawyer/modesto/?kw={keyword}"
"employment","Unpaid Wages & Overtime","Central Valley","Modesto","Stockton","CA","https://results.wilshirelawfirm.com/unpaid-wages-lawyer/stockton/","(800) 522-7274","https://results.wilshirelawfirm.com/unpaid-wages-lawyer/stockton/?kw={keyword}"
"employment","Unpaid Wages & Overtime","Central Valley","Modesto","Turlock","CA","https://results.wilshirelawfirm.com/unpaid-wages-lawyer/turlock/","(800) 522-7274","https://results.wilshirelawfirm.com/unpaid-wages-lawyer/turlock/?kw={keyword}"
"employment","Unpaid Wages & Overtime","Central Valley","Modesto","Merced","CA","https://results.wilshirelawfirm.com/unpaid-wages-lawyer/merced/","(800) 522-7274","https://results.wilshirelawfirm.com/unpaid-wages-lawyer/merced/?kw={keyword}"
"employment","Unpaid Wages & Overtime","Sacramento & Northern California","Sacramento (office)","Sacramento","CA","https://results.wilshirelawfirm.com/unpaid-wages-lawyer/sacramento/","(916) 957-0598","https://results.wilshirelawfirm.com/unpaid-wages-lawyer/sacramento/?kw={keyword}"
"employment","Unpaid Wages & Overtime","Sacramento & Northern California","Sacramento","Elk Grove","CA","https://results.wilshirelawfirm.com/unpaid-wages-lawyer/elk-grove/","(916) 957-0598","https://results.wilshirelawfirm.com/unpaid-wages-lawyer/elk-grove/?kw={keyword}"
"employment","Unpaid Wages & Overtime","Sacramento & Northern California","Sacramento","Roseville","CA","https://results.wilshirelawfirm.com/unpaid-wages-lawyer/roseville/","(916) 957-0598","https://results.wilshirelawfirm.com/unpaid-wages-lawyer/roseville/?kw={keyword}"
"employment","Unpaid Wages & Overtime","Sacramento & Northern California","Sacramento","Folsom","CA","https://results.wilshirelawfirm.com/unpaid-wages-lawyer/folsom/","(916) 957-0598","https://results.wilshirelawfirm.com/unpaid-wages-lawyer/folsom/?kw={keyword}"
"employment","Unpaid Wages & Overtime","Bay Area","Oakland (office)","Oakland","CA","https://results.wilshirelawfirm.com/unpaid-wages-lawyer/oakland/","(510) 391-4877","https://results.wilshirelawfirm.com/unpaid-wages-lawyer/oakland/?kw={keyword}"
"employment","Unpaid Wages & Overtime","Bay Area","Oakland","Berkeley","CA","https://results.wilshirelawfirm.com/unpaid-wages-lawyer/berkeley/","(510) 391-4877","https://results.wilshirelawfirm.com/unpaid-wages-lawyer/berkeley/?kw={keyword}"
"employment","Unpaid Wages & Overtime","Bay Area","Oakland","Hayward","CA","https://results.wilshirelawfirm.com/unpaid-wages-lawyer/hayward/","(510) 391-4877","https://results.wilshirelawfirm.com/unpaid-wages-lawyer/hayward/?kw={keyword}"
"employment","Unpaid Wages & Overtime","Bay Area","Oakland","Fremont","CA","https://results.wilshirelawfirm.com/unpaid-wages-lawyer/fremont/","(510) 391-4877","https://results.wilshirelawfirm.com/unpaid-wages-lawyer/fremont/?kw={keyword}"
"employment","Unpaid Wages & Overtime","Bay Area","Oakland","Richmond","CA","https://results.wilshirelawfirm.com/unpaid-wages-lawyer/richmond/","(510) 391-4877","https://results.wilshirelawfirm.com/unpaid-wages-lawyer/richmond/?kw={keyword}"
"employment","Unpaid Wages & Overtime","Bay Area","Oakland","Concord","CA","https://results.wilshirelawfirm.com/unpaid-wages-lawyer/concord/","(510) 391-4877","https://results.wilshirelawfirm.com/unpaid-wages-lawyer/concord/?kw={keyword}"
"employment","Unpaid Wages & Overtime","Bay Area","San Francisco (office)","San Francisco","CA","https://results.wilshirelawfirm.com/unpaid-wages-lawyer/san-francisco/","(628) 895-2682","https://results.wilshirelawfirm.com/unpaid-wages-lawyer/san-francisco/?kw={keyword}"
"employment","Unpaid Wages & Overtime","Bay Area","San Francisco","San Jose","CA","https://results.wilshirelawfirm.com/unpaid-wages-lawyer/san-jose/","(628) 895-2682","https://results.wilshirelawfirm.com/unpaid-wages-lawyer/san-jose/?kw={keyword}"
"employment","Unpaid Wages & Overtime","Bay Area","San Francisco","Daly City","CA","https://results.wilshirelawfirm.com/unpaid-wages-lawyer/daly-city/","(628) 895-2682","https://results.wilshirelawfirm.com/unpaid-wages-lawyer/daly-city/?kw={keyword}"
"employment","Unpaid Wages & Overtime","Bay Area","San Francisco","San Mateo","CA","https://results.wilshirelawfirm.com/unpaid-wages-lawyer/san-mateo/","(628) 895-2682","https://results.wilshirelawfirm.com/unpaid-wages-lawyer/san-mateo/?kw={keyword}"
"employment","Unpaid Wages & Overtime","Ventura & Central Coast","Oxnard (office)","Oxnard","CA","https://results.wilshirelawfirm.com/unpaid-wages-lawyer/oxnard/","(800) 891-1876","https://results.wilshirelawfirm.com/unpaid-wages-lawyer/oxnard/?kw={keyword}"
"employment","Unpaid Wages & Overtime","Ventura & Central Coast","Oxnard","Ventura","CA","https://results.wilshirelawfirm.com/unpaid-wages-lawyer/ventura/","(800) 891-1876","https://results.wilshirelawfirm.com/unpaid-wages-lawyer/ventura/?kw={keyword}"
"employment","Unpaid Wages & Overtime","Ventura & Central Coast","Oxnard","Thousand Oaks","CA","https://results.wilshirelawfirm.com/unpaid-wages-lawyer/thousand-oaks/","(800) 891-1876","https://results.wilshirelawfirm.com/unpaid-wages-lawyer/thousand-oaks/?kw={keyword}"
"employment","Unpaid Wages & Overtime","Ventura & Central Coast","Oxnard","Simi Valley","CA","https://results.wilshirelawfirm.com/unpaid-wages-lawyer/simi-valley/","(800) 891-1876","https://results.wilshirelawfirm.com/unpaid-wages-lawyer/simi-valley/?kw={keyword}"
"employment","Unpaid Wages & Overtime","Ventura & Central Coast","Oxnard","Santa Barbara","CA","https://results.wilshirelawfirm.com/unpaid-wages-lawyer/santa-barbara/","(800) 891-1876","https://results.wilshirelawfirm.com/unpaid-wages-lawyer/santa-barbara/?kw={keyword}"
"employment","Sexual Harassment","Statewide","—","California","CA","https://results.wilshirelawfirm.com/sexual-harassment-lawyer/","(800) 522-7274","https://results.wilshirelawfirm.com/sexual-harassment-lawyer/?kw={keyword}"
"employment","Sexual Harassment","Los Angeles","Los Angeles (office)","Los Angeles","CA","https://results.wilshirelawfirm.com/sexual-harassment-lawyer/los-angeles/","(213) 329-7576","https://results.wilshirelawfirm.com/sexual-harassment-lawyer/los-angeles/?kw={keyword}"
"employment","Sexual Harassment","Los Angeles","Los Angeles","Downtown Los Angeles","CA","https://results.wilshirelawfirm.com/sexual-harassment-lawyer/downtown-los-angeles/","(213) 329-7576","https://results.wilshirelawfirm.com/sexual-harassment-lawyer/downtown-los-angeles/?kw={keyword}"
"employment","Sexual Harassment","Los Angeles","Los Angeles","Hollywood","CA","https://results.wilshirelawfirm.com/sexual-harassment-lawyer/hollywood/","(213) 329-7576","https://results.wilshirelawfirm.com/sexual-harassment-lawyer/hollywood/?kw={keyword}"
"employment","Sexual Harassment","Los Angeles","Los Angeles","Glendale","CA","https://results.wilshirelawfirm.com/sexual-harassment-lawyer/glendale/","(213) 329-7576","https://results.wilshirelawfirm.com/sexual-harassment-lawyer/glendale/?kw={keyword}"
"employment","Sexual Harassment","Los Angeles","Los Angeles","Pasadena","CA","https://results.wilshirelawfirm.com/sexual-harassment-lawyer/pasadena/","(213) 329-7576","https://results.wilshirelawfirm.com/sexual-harassment-lawyer/pasadena/?kw={keyword}"
"employment","Sexual Harassment","Los Angeles","Los Angeles","Burbank","CA","https://results.wilshirelawfirm.com/sexual-harassment-lawyer/burbank/","(213) 329-7576","https://results.wilshirelawfirm.com/sexual-harassment-lawyer/burbank/?kw={keyword}"
"employment","Sexual Harassment","Los Angeles","Los Angeles","Santa Monica","CA","https://results.wilshirelawfirm.com/sexual-harassment-lawyer/santa-monica/","(213) 329-7576","https://results.wilshirelawfirm.com/sexual-harassment-lawyer/santa-monica/?kw={keyword}"
"employment","Sexual Harassment","Los Angeles","Los Angeles","Inglewood","CA","https://results.wilshirelawfirm.com/sexual-harassment-lawyer/inglewood/","(213) 329-7576","https://results.wilshirelawfirm.com/sexual-harassment-lawyer/inglewood/?kw={keyword}"
"employment","Sexual Harassment","Los Angeles","Los Angeles","Van Nuys","CA","https://results.wilshirelawfirm.com/sexual-harassment-lawyer/van-nuys/","(213) 329-7576","https://results.wilshirelawfirm.com/sexual-harassment-lawyer/van-nuys/?kw={keyword}"
"employment","Sexual Harassment","Los Angeles","Los Angeles","East Los Angeles","CA","https://results.wilshirelawfirm.com/sexual-harassment-lawyer/east-los-angeles/","(213) 329-7576","https://results.wilshirelawfirm.com/sexual-harassment-lawyer/east-los-angeles/?kw={keyword}"
"employment","Sexual Harassment","Los Angeles","Los Angeles","Koreatown","CA","https://results.wilshirelawfirm.com/sexual-harassment-lawyer/koreatown/","(213) 329-7576","https://results.wilshirelawfirm.com/sexual-harassment-lawyer/koreatown/?kw={keyword}"
"employment","Sexual Harassment","Los Angeles","Los Angeles","Compton","CA","https://results.wilshirelawfirm.com/sexual-harassment-lawyer/compton/","(213) 329-7576","https://results.wilshirelawfirm.com/sexual-harassment-lawyer/compton/?kw={keyword}"
"employment","Sexual Harassment","Los Angeles","Los Angeles","Whittier","CA","https://results.wilshirelawfirm.com/sexual-harassment-lawyer/whittier/","(213) 329-7576","https://results.wilshirelawfirm.com/sexual-harassment-lawyer/whittier/?kw={keyword}"
"employment","Sexual Harassment","Los Angeles","Beverly Hills (office)","Beverly Hills","CA","https://results.wilshirelawfirm.com/sexual-harassment-lawyer/beverly-hills/","(310) 879-1030","https://results.wilshirelawfirm.com/sexual-harassment-lawyer/beverly-hills/?kw={keyword}"
"employment","Sexual Harassment","Los Angeles","Beverly Hills","West Hollywood","CA","https://results.wilshirelawfirm.com/sexual-harassment-lawyer/west-hollywood/","(310) 879-1030","https://results.wilshirelawfirm.com/sexual-harassment-lawyer/west-hollywood/?kw={keyword}"
"employment","Sexual Harassment","Los Angeles","Beverly Hills","Culver City","CA","https://results.wilshirelawfirm.com/sexual-harassment-lawyer/culver-city/","(310) 879-1030","https://results.wilshirelawfirm.com/sexual-harassment-lawyer/culver-city/?kw={keyword}"
"employment","Sexual Harassment","Los Angeles","Beverly Hills","Westwood","CA","https://results.wilshirelawfirm.com/sexual-harassment-lawyer/westwood/","(310) 879-1030","https://results.wilshirelawfirm.com/sexual-harassment-lawyer/westwood/?kw={keyword}"
"employment","Sexual Harassment","Los Angeles","Beverly Hills","Sherman Oaks","CA","https://results.wilshirelawfirm.com/sexual-harassment-lawyer/sherman-oaks/","(310) 879-1030","https://results.wilshirelawfirm.com/sexual-harassment-lawyer/sherman-oaks/?kw={keyword}"
"employment","Sexual Harassment","Los Angeles","Torrance (office)","Torrance","CA","https://results.wilshirelawfirm.com/sexual-harassment-lawyer/torrance/","(310) 307-3316","https://results.wilshirelawfirm.com/sexual-harassment-lawyer/torrance/?kw={keyword}"
"employment","Sexual Harassment","Los Angeles","Torrance","Carson","CA","https://results.wilshirelawfirm.com/sexual-harassment-lawyer/carson/","(310) 307-3316","https://results.wilshirelawfirm.com/sexual-harassment-lawyer/carson/?kw={keyword}"
"employment","Sexual Harassment","Los Angeles","Torrance","Gardena","CA","https://results.wilshirelawfirm.com/sexual-harassment-lawyer/gardena/","(310) 307-3316","https://results.wilshirelawfirm.com/sexual-harassment-lawyer/gardena/?kw={keyword}"
"employment","Sexual Harassment","Los Angeles","Torrance","Redondo Beach","CA","https://results.wilshirelawfirm.com/sexual-harassment-lawyer/redondo-beach/","(310) 307-3316","https://results.wilshirelawfirm.com/sexual-harassment-lawyer/redondo-beach/?kw={keyword}"
"employment","Sexual Harassment","Los Angeles","Torrance","Hawthorne","CA","https://results.wilshirelawfirm.com/sexual-harassment-lawyer/hawthorne/","(310) 307-3316","https://results.wilshirelawfirm.com/sexual-harassment-lawyer/hawthorne/?kw={keyword}"
"employment","Sexual Harassment","Los Angeles","Torrance","San Pedro","CA","https://results.wilshirelawfirm.com/sexual-harassment-lawyer/san-pedro/","(310) 307-3316","https://results.wilshirelawfirm.com/sexual-harassment-lawyer/san-pedro/?kw={keyword}"
"employment","Sexual Harassment","Los Angeles","Long Beach (office)","Long Beach","CA","https://results.wilshirelawfirm.com/sexual-harassment-lawyer/long-beach/","(800) 522-7274","https://results.wilshirelawfirm.com/sexual-harassment-lawyer/long-beach/?kw={keyword}"
"employment","Sexual Harassment","Los Angeles","Long Beach","Lakewood","CA","https://results.wilshirelawfirm.com/sexual-harassment-lawyer/lakewood/","(800) 522-7274","https://results.wilshirelawfirm.com/sexual-harassment-lawyer/lakewood/?kw={keyword}"
"employment","Sexual Harassment","Los Angeles","Long Beach","Downey","CA","https://results.wilshirelawfirm.com/sexual-harassment-lawyer/downey/","(800) 522-7274","https://results.wilshirelawfirm.com/sexual-harassment-lawyer/downey/?kw={keyword}"
"employment","Sexual Harassment","Los Angeles","Long Beach","Norwalk","CA","https://results.wilshirelawfirm.com/sexual-harassment-lawyer/norwalk/","(800) 522-7274","https://results.wilshirelawfirm.com/sexual-harassment-lawyer/norwalk/?kw={keyword}"
"employment","Sexual Harassment","Los Angeles","Long Beach","Bellflower","CA","https://results.wilshirelawfirm.com/sexual-harassment-lawyer/bellflower/","(800) 522-7274","https://results.wilshirelawfirm.com/sexual-harassment-lawyer/bellflower/?kw={keyword}"
"employment","Sexual Harassment","Los Angeles","Palmdale (office)","Palmdale","CA","https://results.wilshirelawfirm.com/sexual-harassment-lawyer/palmdale/","(800) 891-1876","https://results.wilshirelawfirm.com/sexual-harassment-lawyer/palmdale/?kw={keyword}"
"employment","Sexual Harassment","Los Angeles","Palmdale","Santa Clarita","CA","https://results.wilshirelawfirm.com/sexual-harassment-lawyer/santa-clarita/","(800) 891-1876","https://results.wilshirelawfirm.com/sexual-harassment-lawyer/santa-clarita/?kw={keyword}"
"employment","Sexual Harassment","Los Angeles","Palmdale","Victorville","CA","https://results.wilshirelawfirm.com/sexual-harassment-lawyer/victorville/","(800) 891-1876","https://results.wilshirelawfirm.com/sexual-harassment-lawyer/victorville/?kw={keyword}"
"employment","Sexual Harassment","Los Angeles","Lancaster (office)","Lancaster","CA","https://results.wilshirelawfirm.com/sexual-harassment-lawyer/lancaster/","(800) 891-1876","https://results.wilshirelawfirm.com/sexual-harassment-lawyer/lancaster/?kw={keyword}"
"employment","Sexual Harassment","Los Angeles","Lancaster","Antelope Valley","CA","https://results.wilshirelawfirm.com/sexual-harassment-lawyer/antelope-valley/","(800) 891-1876","https://results.wilshirelawfirm.com/sexual-harassment-lawyer/antelope-valley/?kw={keyword}"
"employment","Sexual Harassment","Orange County","Irvine (office)","Irvine","CA","https://results.wilshirelawfirm.com/sexual-harassment-lawyer/irvine/","(949) 591-8266","https://results.wilshirelawfirm.com/sexual-harassment-lawyer/irvine/?kw={keyword}"
"employment","Sexual Harassment","Orange County","Irvine","Santa Ana","CA","https://results.wilshirelawfirm.com/sexual-harassment-lawyer/santa-ana/","(949) 591-8266","https://results.wilshirelawfirm.com/sexual-harassment-lawyer/santa-ana/?kw={keyword}"
"employment","Sexual Harassment","Orange County","Irvine","Huntington Beach","CA","https://results.wilshirelawfirm.com/sexual-harassment-lawyer/huntington-beach/","(949) 591-8266","https://results.wilshirelawfirm.com/sexual-harassment-lawyer/huntington-beach/?kw={keyword}"
"employment","Sexual Harassment","Orange County","Irvine","Costa Mesa","CA","https://results.wilshirelawfirm.com/sexual-harassment-lawyer/costa-mesa/","(949) 591-8266","https://results.wilshirelawfirm.com/sexual-harassment-lawyer/costa-mesa/?kw={keyword}"
"employment","Sexual Harassment","Orange County","Irvine","Newport Beach","CA","https://results.wilshirelawfirm.com/sexual-harassment-lawyer/newport-beach/","(949) 591-8266","https://results.wilshirelawfirm.com/sexual-harassment-lawyer/newport-beach/?kw={keyword}"
"employment","Sexual Harassment","Orange County","Irvine","Mission Viejo","CA","https://results.wilshirelawfirm.com/sexual-harassment-lawyer/mission-viejo/","(949) 591-8266","https://results.wilshirelawfirm.com/sexual-harassment-lawyer/mission-viejo/?kw={keyword}"
"employment","Sexual Harassment","Orange County","Irvine","Lake Forest","CA","https://results.wilshirelawfirm.com/sexual-harassment-lawyer/lake-forest/","(949) 591-8266","https://results.wilshirelawfirm.com/sexual-harassment-lawyer/lake-forest/?kw={keyword}"
"employment","Sexual Harassment","Orange County","Irvine","Tustin","CA","https://results.wilshirelawfirm.com/sexual-harassment-lawyer/tustin/","(949) 591-8266","https://results.wilshirelawfirm.com/sexual-harassment-lawyer/tustin/?kw={keyword}"
"employment","Sexual Harassment","Orange County","Orange (office)","Orange","CA","https://results.wilshirelawfirm.com/sexual-harassment-lawyer/orange/","(714) 386-1747","https://results.wilshirelawfirm.com/sexual-harassment-lawyer/orange/?kw={keyword}"
"employment","Sexual Harassment","Orange County","Orange","Anaheim","CA","https://results.wilshirelawfirm.com/sexual-harassment-lawyer/anaheim/","(714) 386-1747","https://results.wilshirelawfirm.com/sexual-harassment-lawyer/anaheim/?kw={keyword}"
"employment","Sexual Harassment","Orange County","Orange","Garden Grove","CA","https://results.wilshirelawfirm.com/sexual-harassment-lawyer/garden-grove/","(714) 386-1747","https://results.wilshirelawfirm.com/sexual-harassment-lawyer/garden-grove/?kw={keyword}"
"employment","Sexual Harassment","Orange County","Orange","Fullerton","CA","https://results.wilshirelawfirm.com/sexual-harassment-lawyer/fullerton/","(714) 386-1747","https://results.wilshirelawfirm.com/sexual-harassment-lawyer/fullerton/?kw={keyword}"
"employment","Sexual Harassment","Orange County","Orange","Westminster","CA","https://results.wilshirelawfirm.com/sexual-harassment-lawyer/westminster/","(714) 386-1747","https://results.wilshirelawfirm.com/sexual-harassment-lawyer/westminster/?kw={keyword}"
"employment","Sexual Harassment","Inland Empire","Riverside (office)","Riverside","CA","https://results.wilshirelawfirm.com/sexual-harassment-lawyer/riverside/","(951) 557-6087","https://results.wilshirelawfirm.com/sexual-harassment-lawyer/riverside/?kw={keyword}"
"employment","Sexual Harassment","Inland Empire","Riverside","Moreno Valley","CA","https://results.wilshirelawfirm.com/sexual-harassment-lawyer/moreno-valley/","(951) 557-6087","https://results.wilshirelawfirm.com/sexual-harassment-lawyer/moreno-valley/?kw={keyword}"
"employment","Sexual Harassment","Inland Empire","Riverside","Corona","CA","https://results.wilshirelawfirm.com/sexual-harassment-lawyer/corona/","(951) 557-6087","https://results.wilshirelawfirm.com/sexual-harassment-lawyer/corona/?kw={keyword}"
"employment","Sexual Harassment","Inland Empire","Riverside","Temecula","CA","https://results.wilshirelawfirm.com/sexual-harassment-lawyer/temecula/","(951) 557-6087","https://results.wilshirelawfirm.com/sexual-harassment-lawyer/temecula/?kw={keyword}"
"employment","Sexual Harassment","Inland Empire","Riverside","Murrieta","CA","https://results.wilshirelawfirm.com/sexual-harassment-lawyer/murrieta/","(951) 557-6087","https://results.wilshirelawfirm.com/sexual-harassment-lawyer/murrieta/?kw={keyword}"
"employment","Sexual Harassment","Inland Empire","Riverside","Hemet","CA","https://results.wilshirelawfirm.com/sexual-harassment-lawyer/hemet/","(951) 557-6087","https://results.wilshirelawfirm.com/sexual-harassment-lawyer/hemet/?kw={keyword}"
"employment","Sexual Harassment","Inland Empire","Ontario (office)","Ontario","CA","https://results.wilshirelawfirm.com/sexual-harassment-lawyer/ontario/","(800) 522-7274","https://results.wilshirelawfirm.com/sexual-harassment-lawyer/ontario/?kw={keyword}"
"employment","Sexual Harassment","Inland Empire","Ontario","San Bernardino","CA","https://results.wilshirelawfirm.com/sexual-harassment-lawyer/san-bernardino/","(800) 522-7274","https://results.wilshirelawfirm.com/sexual-harassment-lawyer/san-bernardino/?kw={keyword}"
"employment","Sexual Harassment","Inland Empire","Ontario","Fontana","CA","https://results.wilshirelawfirm.com/sexual-harassment-lawyer/fontana/","(800) 522-7274","https://results.wilshirelawfirm.com/sexual-harassment-lawyer/fontana/?kw={keyword}"
"employment","Sexual Harassment","Inland Empire","Ontario","Rancho Cucamonga","CA","https://results.wilshirelawfirm.com/sexual-harassment-lawyer/rancho-cucamonga/","(800) 522-7274","https://results.wilshirelawfirm.com/sexual-harassment-lawyer/rancho-cucamonga/?kw={keyword}"
"employment","Sexual Harassment","Inland Empire","Ontario","Pomona","CA","https://results.wilshirelawfirm.com/sexual-harassment-lawyer/pomona/","(800) 522-7274","https://results.wilshirelawfirm.com/sexual-harassment-lawyer/pomona/?kw={keyword}"
"employment","Sexual Harassment","Inland Empire","Ontario","Chino","CA","https://results.wilshirelawfirm.com/sexual-harassment-lawyer/chino/","(800) 522-7274","https://results.wilshirelawfirm.com/sexual-harassment-lawyer/chino/?kw={keyword}"
"employment","Sexual Harassment","Inland Empire","Ontario","Rialto","CA","https://results.wilshirelawfirm.com/sexual-harassment-lawyer/rialto/","(800) 522-7274","https://results.wilshirelawfirm.com/sexual-harassment-lawyer/rialto/?kw={keyword}"
"employment","Sexual Harassment","San Diego","San Diego (office)","San Diego","CA","https://results.wilshirelawfirm.com/sexual-harassment-lawyer/san-diego/","(619) 257-2818","https://results.wilshirelawfirm.com/sexual-harassment-lawyer/san-diego/?kw={keyword}"
"employment","Sexual Harassment","San Diego","San Diego","Chula Vista","CA","https://results.wilshirelawfirm.com/sexual-harassment-lawyer/chula-vista/","(619) 257-2818","https://results.wilshirelawfirm.com/sexual-harassment-lawyer/chula-vista/?kw={keyword}"
"employment","Sexual Harassment","San Diego","San Diego","Oceanside","CA","https://results.wilshirelawfirm.com/sexual-harassment-lawyer/oceanside/","(619) 257-2818","https://results.wilshirelawfirm.com/sexual-harassment-lawyer/oceanside/?kw={keyword}"
"employment","Sexual Harassment","San Diego","San Diego","Escondido","CA","https://results.wilshirelawfirm.com/sexual-harassment-lawyer/escondido/","(619) 257-2818","https://results.wilshirelawfirm.com/sexual-harassment-lawyer/escondido/?kw={keyword}"
"employment","Sexual Harassment","San Diego","San Diego","El Cajon","CA","https://results.wilshirelawfirm.com/sexual-harassment-lawyer/el-cajon/","(619) 257-2818","https://results.wilshirelawfirm.com/sexual-harassment-lawyer/el-cajon/?kw={keyword}"
"employment","Sexual Harassment","San Diego","San Diego","Carlsbad","CA","https://results.wilshirelawfirm.com/sexual-harassment-lawyer/carlsbad/","(619) 257-2818","https://results.wilshirelawfirm.com/sexual-harassment-lawyer/carlsbad/?kw={keyword}"
"employment","Sexual Harassment","San Diego","San Diego","National City","CA","https://results.wilshirelawfirm.com/sexual-harassment-lawyer/national-city/","(619) 257-2818","https://results.wilshirelawfirm.com/sexual-harassment-lawyer/national-city/?kw={keyword}"
"employment","Sexual Harassment","Central Valley","Bakersfield (office)","Bakersfield","CA","https://results.wilshirelawfirm.com/sexual-harassment-lawyer/bakersfield/","(800) 522-7274","https://results.wilshirelawfirm.com/sexual-harassment-lawyer/bakersfield/?kw={keyword}"
"employment","Sexual Harassment","Central Valley","Bakersfield","Delano","CA","https://results.wilshirelawfirm.com/sexual-harassment-lawyer/delano/","(800) 522-7274","https://results.wilshirelawfirm.com/sexual-harassment-lawyer/delano/?kw={keyword}"
"employment","Sexual Harassment","Central Valley","Fresno (office)","Fresno","CA","https://results.wilshirelawfirm.com/sexual-harassment-lawyer/fresno/","(800) 522-7274","https://results.wilshirelawfirm.com/sexual-harassment-lawyer/fresno/?kw={keyword}"
"employment","Sexual Harassment","Central Valley","Fresno","Clovis","CA","https://results.wilshirelawfirm.com/sexual-harassment-lawyer/clovis/","(800) 522-7274","https://results.wilshirelawfirm.com/sexual-harassment-lawyer/clovis/?kw={keyword}"
"employment","Sexual Harassment","Central Valley","Fresno","Visalia","CA","https://results.wilshirelawfirm.com/sexual-harassment-lawyer/visalia/","(800) 522-7274","https://results.wilshirelawfirm.com/sexual-harassment-lawyer/visalia/?kw={keyword}"
"employment","Sexual Harassment","Central Valley","Fresno","Madera","CA","https://results.wilshirelawfirm.com/sexual-harassment-lawyer/madera/","(800) 522-7274","https://results.wilshirelawfirm.com/sexual-harassment-lawyer/madera/?kw={keyword}"
"employment","Sexual Harassment","Central Valley","Modesto (office)","Modesto","CA","https://results.wilshirelawfirm.com/sexual-harassment-lawyer/modesto/","(800) 522-7274","https://results.wilshirelawfirm.com/sexual-harassment-lawyer/modesto/?kw={keyword}"
"employment","Sexual Harassment","Central Valley","Modesto","Stockton","CA","https://results.wilshirelawfirm.com/sexual-harassment-lawyer/stockton/","(800) 522-7274","https://results.wilshirelawfirm.com/sexual-harassment-lawyer/stockton/?kw={keyword}"
"employment","Sexual Harassment","Central Valley","Modesto","Turlock","CA","https://results.wilshirelawfirm.com/sexual-harassment-lawyer/turlock/","(800) 522-7274","https://results.wilshirelawfirm.com/sexual-harassment-lawyer/turlock/?kw={keyword}"
"employment","Sexual Harassment","Central Valley","Modesto","Merced","CA","https://results.wilshirelawfirm.com/sexual-harassment-lawyer/merced/","(800) 522-7274","https://results.wilshirelawfirm.com/sexual-harassment-lawyer/merced/?kw={keyword}"
"employment","Sexual Harassment","Sacramento & Northern California","Sacramento (office)","Sacramento","CA","https://results.wilshirelawfirm.com/sexual-harassment-lawyer/sacramento/","(916) 957-0598","https://results.wilshirelawfirm.com/sexual-harassment-lawyer/sacramento/?kw={keyword}"
"employment","Sexual Harassment","Sacramento & Northern California","Sacramento","Elk Grove","CA","https://results.wilshirelawfirm.com/sexual-harassment-lawyer/elk-grove/","(916) 957-0598","https://results.wilshirelawfirm.com/sexual-harassment-lawyer/elk-grove/?kw={keyword}"
"employment","Sexual Harassment","Sacramento & Northern California","Sacramento","Roseville","CA","https://results.wilshirelawfirm.com/sexual-harassment-lawyer/roseville/","(916) 957-0598","https://results.wilshirelawfirm.com/sexual-harassment-lawyer/roseville/?kw={keyword}"
"employment","Sexual Harassment","Sacramento & Northern California","Sacramento","Folsom","CA","https://results.wilshirelawfirm.com/sexual-harassment-lawyer/folsom/","(916) 957-0598","https://results.wilshirelawfirm.com/sexual-harassment-lawyer/folsom/?kw={keyword}"
"employment","Sexual Harassment","Bay Area","Oakland (office)","Oakland","CA","https://results.wilshirelawfirm.com/sexual-harassment-lawyer/oakland/","(510) 391-4877","https://results.wilshirelawfirm.com/sexual-harassment-lawyer/oakland/?kw={keyword}"
"employment","Sexual Harassment","Bay Area","Oakland","Berkeley","CA","https://results.wilshirelawfirm.com/sexual-harassment-lawyer/berkeley/","(510) 391-4877","https://results.wilshirelawfirm.com/sexual-harassment-lawyer/berkeley/?kw={keyword}"
"employment","Sexual Harassment","Bay Area","Oakland","Hayward","CA","https://results.wilshirelawfirm.com/sexual-harassment-lawyer/hayward/","(510) 391-4877","https://results.wilshirelawfirm.com/sexual-harassment-lawyer/hayward/?kw={keyword}"
"employment","Sexual Harassment","Bay Area","Oakland","Fremont","CA","https://results.wilshirelawfirm.com/sexual-harassment-lawyer/fremont/","(510) 391-4877","https://results.wilshirelawfirm.com/sexual-harassment-lawyer/fremont/?kw={keyword}"
"employment","Sexual Harassment","Bay Area","Oakland","Richmond","CA","https://results.wilshirelawfirm.com/sexual-harassment-lawyer/richmond/","(510) 391-4877","https://results.wilshirelawfirm.com/sexual-harassment-lawyer/richmond/?kw={keyword}"
"employment","Sexual Harassment","Bay Area","Oakland","Concord","CA","https://results.wilshirelawfirm.com/sexual-harassment-lawyer/concord/","(510) 391-4877","https://results.wilshirelawfirm.com/sexual-harassment-lawyer/concord/?kw={keyword}"
"employment","Sexual Harassment","Bay Area","San Francisco (office)","San Francisco","CA","https://results.wilshirelawfirm.com/sexual-harassment-lawyer/san-francisco/","(628) 895-2682","https://results.wilshirelawfirm.com/sexual-harassment-lawyer/san-francisco/?kw={keyword}"
"employment","Sexual Harassment","Bay Area","San Francisco","San Jose","CA","https://results.wilshirelawfirm.com/sexual-harassment-lawyer/san-jose/","(628) 895-2682","https://results.wilshirelawfirm.com/sexual-harassment-lawyer/san-jose/?kw={keyword}"
"employment","Sexual Harassment","Bay Area","San Francisco","Daly City","CA","https://results.wilshirelawfirm.com/sexual-harassment-lawyer/daly-city/","(628) 895-2682","https://results.wilshirelawfirm.com/sexual-harassment-lawyer/daly-city/?kw={keyword}"
"employment","Sexual Harassment","Bay Area","San Francisco","San Mateo","CA","https://results.wilshirelawfirm.com/sexual-harassment-lawyer/san-mateo/","(628) 895-2682","https://results.wilshirelawfirm.com/sexual-harassment-lawyer/san-mateo/?kw={keyword}"
"employment","Sexual Harassment","Ventura & Central Coast","Oxnard (office)","Oxnard","CA","https://results.wilshirelawfirm.com/sexual-harassment-lawyer/oxnard/","(800) 891-1876","https://results.wilshirelawfirm.com/sexual-harassment-lawyer/oxnard/?kw={keyword}"
"employment","Sexual Harassment","Ventura & Central Coast","Oxnard","Ventura","CA","https://results.wilshirelawfirm.com/sexual-harassment-lawyer/ventura/","(800) 891-1876","https://results.wilshirelawfirm.com/sexual-harassment-lawyer/ventura/?kw={keyword}"
"employment","Sexual Harassment","Ventura & Central Coast","Oxnard","Thousand Oaks","CA","https://results.wilshirelawfirm.com/sexual-harassment-lawyer/thousand-oaks/","(800) 891-1876","https://results.wilshirelawfirm.com/sexual-harassment-lawyer/thousand-oaks/?kw={keyword}"
"employment","Sexual Harassment","Ventura & Central Coast","Oxnard","Simi Valley","CA","https://results.wilshirelawfirm.com/sexual-harassment-lawyer/simi-valley/","(800) 891-1876","https://results.wilshirelawfirm.com/sexual-harassment-lawyer/simi-valley/?kw={keyword}"
"employment","Sexual Harassment","Ventura & Central Coast","Oxnard","Santa Barbara","CA","https://results.wilshirelawfirm.com/sexual-harassment-lawyer/santa-barbara/","(800) 891-1876","https://results.wilshirelawfirm.com/sexual-harassment-lawyer/santa-barbara/?kw={keyword}"
"employment","Discrimination & Retaliation","Statewide","—","California","CA","https://results.wilshirelawfirm.com/workplace-discrimination-lawyer/","(800) 522-7274","https://results.wilshirelawfirm.com/workplace-discrimination-lawyer/?kw={keyword}"
"employment","Discrimination & Retaliation","Los Angeles","Los Angeles (office)","Los Angeles","CA","https://results.wilshirelawfirm.com/workplace-discrimination-lawyer/los-angeles/","(213) 329-7576","https://results.wilshirelawfirm.com/workplace-discrimination-lawyer/los-angeles/?kw={keyword}"
"employment","Discrimination & Retaliation","Los Angeles","Los Angeles","Downtown Los Angeles","CA","https://results.wilshirelawfirm.com/workplace-discrimination-lawyer/downtown-los-angeles/","(213) 329-7576","https://results.wilshirelawfirm.com/workplace-discrimination-lawyer/downtown-los-angeles/?kw={keyword}"
"employment","Discrimination & Retaliation","Los Angeles","Los Angeles","Hollywood","CA","https://results.wilshirelawfirm.com/workplace-discrimination-lawyer/hollywood/","(213) 329-7576","https://results.wilshirelawfirm.com/workplace-discrimination-lawyer/hollywood/?kw={keyword}"
"employment","Discrimination & Retaliation","Los Angeles","Los Angeles","Glendale","CA","https://results.wilshirelawfirm.com/workplace-discrimination-lawyer/glendale/","(213) 329-7576","https://results.wilshirelawfirm.com/workplace-discrimination-lawyer/glendale/?kw={keyword}"
"employment","Discrimination & Retaliation","Los Angeles","Los Angeles","Pasadena","CA","https://results.wilshirelawfirm.com/workplace-discrimination-lawyer/pasadena/","(213) 329-7576","https://results.wilshirelawfirm.com/workplace-discrimination-lawyer/pasadena/?kw={keyword}"
"employment","Discrimination & Retaliation","Los Angeles","Los Angeles","Burbank","CA","https://results.wilshirelawfirm.com/workplace-discrimination-lawyer/burbank/","(213) 329-7576","https://results.wilshirelawfirm.com/workplace-discrimination-lawyer/burbank/?kw={keyword}"
"employment","Discrimination & Retaliation","Los Angeles","Los Angeles","Santa Monica","CA","https://results.wilshirelawfirm.com/workplace-discrimination-lawyer/santa-monica/","(213) 329-7576","https://results.wilshirelawfirm.com/workplace-discrimination-lawyer/santa-monica/?kw={keyword}"
"employment","Discrimination & Retaliation","Los Angeles","Los Angeles","Inglewood","CA","https://results.wilshirelawfirm.com/workplace-discrimination-lawyer/inglewood/","(213) 329-7576","https://results.wilshirelawfirm.com/workplace-discrimination-lawyer/inglewood/?kw={keyword}"
"employment","Discrimination & Retaliation","Los Angeles","Los Angeles","Van Nuys","CA","https://results.wilshirelawfirm.com/workplace-discrimination-lawyer/van-nuys/","(213) 329-7576","https://results.wilshirelawfirm.com/workplace-discrimination-lawyer/van-nuys/?kw={keyword}"
"employment","Discrimination & Retaliation","Los Angeles","Los Angeles","East Los Angeles","CA","https://results.wilshirelawfirm.com/workplace-discrimination-lawyer/east-los-angeles/","(213) 329-7576","https://results.wilshirelawfirm.com/workplace-discrimination-lawyer/east-los-angeles/?kw={keyword}"
"employment","Discrimination & Retaliation","Los Angeles","Los Angeles","Koreatown","CA","https://results.wilshirelawfirm.com/workplace-discrimination-lawyer/koreatown/","(213) 329-7576","https://results.wilshirelawfirm.com/workplace-discrimination-lawyer/koreatown/?kw={keyword}"
"employment","Discrimination & Retaliation","Los Angeles","Los Angeles","Compton","CA","https://results.wilshirelawfirm.com/workplace-discrimination-lawyer/compton/","(213) 329-7576","https://results.wilshirelawfirm.com/workplace-discrimination-lawyer/compton/?kw={keyword}"
"employment","Discrimination & Retaliation","Los Angeles","Los Angeles","Whittier","CA","https://results.wilshirelawfirm.com/workplace-discrimination-lawyer/whittier/","(213) 329-7576","https://results.wilshirelawfirm.com/workplace-discrimination-lawyer/whittier/?kw={keyword}"
"employment","Discrimination & Retaliation","Los Angeles","Beverly Hills (office)","Beverly Hills","CA","https://results.wilshirelawfirm.com/workplace-discrimination-lawyer/beverly-hills/","(310) 879-1030","https://results.wilshirelawfirm.com/workplace-discrimination-lawyer/beverly-hills/?kw={keyword}"
"employment","Discrimination & Retaliation","Los Angeles","Beverly Hills","West Hollywood","CA","https://results.wilshirelawfirm.com/workplace-discrimination-lawyer/west-hollywood/","(310) 879-1030","https://results.wilshirelawfirm.com/workplace-discrimination-lawyer/west-hollywood/?kw={keyword}"
"employment","Discrimination & Retaliation","Los Angeles","Beverly Hills","Culver City","CA","https://results.wilshirelawfirm.com/workplace-discrimination-lawyer/culver-city/","(310) 879-1030","https://results.wilshirelawfirm.com/workplace-discrimination-lawyer/culver-city/?kw={keyword}"
"employment","Discrimination & Retaliation","Los Angeles","Beverly Hills","Westwood","CA","https://results.wilshirelawfirm.com/workplace-discrimination-lawyer/westwood/","(310) 879-1030","https://results.wilshirelawfirm.com/workplace-discrimination-lawyer/westwood/?kw={keyword}"
"employment","Discrimination & Retaliation","Los Angeles","Beverly Hills","Sherman Oaks","CA","https://results.wilshirelawfirm.com/workplace-discrimination-lawyer/sherman-oaks/","(310) 879-1030","https://results.wilshirelawfirm.com/workplace-discrimination-lawyer/sherman-oaks/?kw={keyword}"
"employment","Discrimination & Retaliation","Los Angeles","Torrance (office)","Torrance","CA","https://results.wilshirelawfirm.com/workplace-discrimination-lawyer/torrance/","(310) 307-3316","https://results.wilshirelawfirm.com/workplace-discrimination-lawyer/torrance/?kw={keyword}"
"employment","Discrimination & Retaliation","Los Angeles","Torrance","Carson","CA","https://results.wilshirelawfirm.com/workplace-discrimination-lawyer/carson/","(310) 307-3316","https://results.wilshirelawfirm.com/workplace-discrimination-lawyer/carson/?kw={keyword}"
"employment","Discrimination & Retaliation","Los Angeles","Torrance","Gardena","CA","https://results.wilshirelawfirm.com/workplace-discrimination-lawyer/gardena/","(310) 307-3316","https://results.wilshirelawfirm.com/workplace-discrimination-lawyer/gardena/?kw={keyword}"
"employment","Discrimination & Retaliation","Los Angeles","Torrance","Redondo Beach","CA","https://results.wilshirelawfirm.com/workplace-discrimination-lawyer/redondo-beach/","(310) 307-3316","https://results.wilshirelawfirm.com/workplace-discrimination-lawyer/redondo-beach/?kw={keyword}"
"employment","Discrimination & Retaliation","Los Angeles","Torrance","Hawthorne","CA","https://results.wilshirelawfirm.com/workplace-discrimination-lawyer/hawthorne/","(310) 307-3316","https://results.wilshirelawfirm.com/workplace-discrimination-lawyer/hawthorne/?kw={keyword}"
"employment","Discrimination & Retaliation","Los Angeles","Torrance","San Pedro","CA","https://results.wilshirelawfirm.com/workplace-discrimination-lawyer/san-pedro/","(310) 307-3316","https://results.wilshirelawfirm.com/workplace-discrimination-lawyer/san-pedro/?kw={keyword}"
"employment","Discrimination & Retaliation","Los Angeles","Long Beach (office)","Long Beach","CA","https://results.wilshirelawfirm.com/workplace-discrimination-lawyer/long-beach/","(800) 522-7274","https://results.wilshirelawfirm.com/workplace-discrimination-lawyer/long-beach/?kw={keyword}"
"employment","Discrimination & Retaliation","Los Angeles","Long Beach","Lakewood","CA","https://results.wilshirelawfirm.com/workplace-discrimination-lawyer/lakewood/","(800) 522-7274","https://results.wilshirelawfirm.com/workplace-discrimination-lawyer/lakewood/?kw={keyword}"
"employment","Discrimination & Retaliation","Los Angeles","Long Beach","Downey","CA","https://results.wilshirelawfirm.com/workplace-discrimination-lawyer/downey/","(800) 522-7274","https://results.wilshirelawfirm.com/workplace-discrimination-lawyer/downey/?kw={keyword}"
"employment","Discrimination & Retaliation","Los Angeles","Long Beach","Norwalk","CA","https://results.wilshirelawfirm.com/workplace-discrimination-lawyer/norwalk/","(800) 522-7274","https://results.wilshirelawfirm.com/workplace-discrimination-lawyer/norwalk/?kw={keyword}"
"employment","Discrimination & Retaliation","Los Angeles","Long Beach","Bellflower","CA","https://results.wilshirelawfirm.com/workplace-discrimination-lawyer/bellflower/","(800) 522-7274","https://results.wilshirelawfirm.com/workplace-discrimination-lawyer/bellflower/?kw={keyword}"
"employment","Discrimination & Retaliation","Los Angeles","Palmdale (office)","Palmdale","CA","https://results.wilshirelawfirm.com/workplace-discrimination-lawyer/palmdale/","(800) 891-1876","https://results.wilshirelawfirm.com/workplace-discrimination-lawyer/palmdale/?kw={keyword}"
"employment","Discrimination & Retaliation","Los Angeles","Palmdale","Santa Clarita","CA","https://results.wilshirelawfirm.com/workplace-discrimination-lawyer/santa-clarita/","(800) 891-1876","https://results.wilshirelawfirm.com/workplace-discrimination-lawyer/santa-clarita/?kw={keyword}"
"employment","Discrimination & Retaliation","Los Angeles","Palmdale","Victorville","CA","https://results.wilshirelawfirm.com/workplace-discrimination-lawyer/victorville/","(800) 891-1876","https://results.wilshirelawfirm.com/workplace-discrimination-lawyer/victorville/?kw={keyword}"
"employment","Discrimination & Retaliation","Los Angeles","Lancaster (office)","Lancaster","CA","https://results.wilshirelawfirm.com/workplace-discrimination-lawyer/lancaster/","(800) 891-1876","https://results.wilshirelawfirm.com/workplace-discrimination-lawyer/lancaster/?kw={keyword}"
"employment","Discrimination & Retaliation","Los Angeles","Lancaster","Antelope Valley","CA","https://results.wilshirelawfirm.com/workplace-discrimination-lawyer/antelope-valley/","(800) 891-1876","https://results.wilshirelawfirm.com/workplace-discrimination-lawyer/antelope-valley/?kw={keyword}"
"employment","Discrimination & Retaliation","Orange County","Irvine (office)","Irvine","CA","https://results.wilshirelawfirm.com/workplace-discrimination-lawyer/irvine/","(949) 591-8266","https://results.wilshirelawfirm.com/workplace-discrimination-lawyer/irvine/?kw={keyword}"
"employment","Discrimination & Retaliation","Orange County","Irvine","Santa Ana","CA","https://results.wilshirelawfirm.com/workplace-discrimination-lawyer/santa-ana/","(949) 591-8266","https://results.wilshirelawfirm.com/workplace-discrimination-lawyer/santa-ana/?kw={keyword}"
"employment","Discrimination & Retaliation","Orange County","Irvine","Huntington Beach","CA","https://results.wilshirelawfirm.com/workplace-discrimination-lawyer/huntington-beach/","(949) 591-8266","https://results.wilshirelawfirm.com/workplace-discrimination-lawyer/huntington-beach/?kw={keyword}"
"employment","Discrimination & Retaliation","Orange County","Irvine","Costa Mesa","CA","https://results.wilshirelawfirm.com/workplace-discrimination-lawyer/costa-mesa/","(949) 591-8266","https://results.wilshirelawfirm.com/workplace-discrimination-lawyer/costa-mesa/?kw={keyword}"
"employment","Discrimination & Retaliation","Orange County","Irvine","Newport Beach","CA","https://results.wilshirelawfirm.com/workplace-discrimination-lawyer/newport-beach/","(949) 591-8266","https://results.wilshirelawfirm.com/workplace-discrimination-lawyer/newport-beach/?kw={keyword}"
"employment","Discrimination & Retaliation","Orange County","Irvine","Mission Viejo","CA","https://results.wilshirelawfirm.com/workplace-discrimination-lawyer/mission-viejo/","(949) 591-8266","https://results.wilshirelawfirm.com/workplace-discrimination-lawyer/mission-viejo/?kw={keyword}"
"employment","Discrimination & Retaliation","Orange County","Irvine","Lake Forest","CA","https://results.wilshirelawfirm.com/workplace-discrimination-lawyer/lake-forest/","(949) 591-8266","https://results.wilshirelawfirm.com/workplace-discrimination-lawyer/lake-forest/?kw={keyword}"
"employment","Discrimination & Retaliation","Orange County","Irvine","Tustin","CA","https://results.wilshirelawfirm.com/workplace-discrimination-lawyer/tustin/","(949) 591-8266","https://results.wilshirelawfirm.com/workplace-discrimination-lawyer/tustin/?kw={keyword}"
"employment","Discrimination & Retaliation","Orange County","Orange (office)","Orange","CA","https://results.wilshirelawfirm.com/workplace-discrimination-lawyer/orange/","(714) 386-1747","https://results.wilshirelawfirm.com/workplace-discrimination-lawyer/orange/?kw={keyword}"
"employment","Discrimination & Retaliation","Orange County","Orange","Anaheim","CA","https://results.wilshirelawfirm.com/workplace-discrimination-lawyer/anaheim/","(714) 386-1747","https://results.wilshirelawfirm.com/workplace-discrimination-lawyer/anaheim/?kw={keyword}"
"employment","Discrimination & Retaliation","Orange County","Orange","Garden Grove","CA","https://results.wilshirelawfirm.com/workplace-discrimination-lawyer/garden-grove/","(714) 386-1747","https://results.wilshirelawfirm.com/workplace-discrimination-lawyer/garden-grove/?kw={keyword}"
"employment","Discrimination & Retaliation","Orange County","Orange","Fullerton","CA","https://results.wilshirelawfirm.com/workplace-discrimination-lawyer/fullerton/","(714) 386-1747","https://results.wilshirelawfirm.com/workplace-discrimination-lawyer/fullerton/?kw={keyword}"
"employment","Discrimination & Retaliation","Orange County","Orange","Westminster","CA","https://results.wilshirelawfirm.com/workplace-discrimination-lawyer/westminster/","(714) 386-1747","https://results.wilshirelawfirm.com/workplace-discrimination-lawyer/westminster/?kw={keyword}"
"employment","Discrimination & Retaliation","Inland Empire","Riverside (office)","Riverside","CA","https://results.wilshirelawfirm.com/workplace-discrimination-lawyer/riverside/","(951) 557-6087","https://results.wilshirelawfirm.com/workplace-discrimination-lawyer/riverside/?kw={keyword}"
"employment","Discrimination & Retaliation","Inland Empire","Riverside","Moreno Valley","CA","https://results.wilshirelawfirm.com/workplace-discrimination-lawyer/moreno-valley/","(951) 557-6087","https://results.wilshirelawfirm.com/workplace-discrimination-lawyer/moreno-valley/?kw={keyword}"
"employment","Discrimination & Retaliation","Inland Empire","Riverside","Corona","CA","https://results.wilshirelawfirm.com/workplace-discrimination-lawyer/corona/","(951) 557-6087","https://results.wilshirelawfirm.com/workplace-discrimination-lawyer/corona/?kw={keyword}"
"employment","Discrimination & Retaliation","Inland Empire","Riverside","Temecula","CA","https://results.wilshirelawfirm.com/workplace-discrimination-lawyer/temecula/","(951) 557-6087","https://results.wilshirelawfirm.com/workplace-discrimination-lawyer/temecula/?kw={keyword}"
"employment","Discrimination & Retaliation","Inland Empire","Riverside","Murrieta","CA","https://results.wilshirelawfirm.com/workplace-discrimination-lawyer/murrieta/","(951) 557-6087","https://results.wilshirelawfirm.com/workplace-discrimination-lawyer/murrieta/?kw={keyword}"
"employment","Discrimination & Retaliation","Inland Empire","Riverside","Hemet","CA","https://results.wilshirelawfirm.com/workplace-discrimination-lawyer/hemet/","(951) 557-6087","https://results.wilshirelawfirm.com/workplace-discrimination-lawyer/hemet/?kw={keyword}"
"employment","Discrimination & Retaliation","Inland Empire","Ontario (office)","Ontario","CA","https://results.wilshirelawfirm.com/workplace-discrimination-lawyer/ontario/","(800) 522-7274","https://results.wilshirelawfirm.com/workplace-discrimination-lawyer/ontario/?kw={keyword}"
"employment","Discrimination & Retaliation","Inland Empire","Ontario","San Bernardino","CA","https://results.wilshirelawfirm.com/workplace-discrimination-lawyer/san-bernardino/","(800) 522-7274","https://results.wilshirelawfirm.com/workplace-discrimination-lawyer/san-bernardino/?kw={keyword}"
"employment","Discrimination & Retaliation","Inland Empire","Ontario","Fontana","CA","https://results.wilshirelawfirm.com/workplace-discrimination-lawyer/fontana/","(800) 522-7274","https://results.wilshirelawfirm.com/workplace-discrimination-lawyer/fontana/?kw={keyword}"
"employment","Discrimination & Retaliation","Inland Empire","Ontario","Rancho Cucamonga","CA","https://results.wilshirelawfirm.com/workplace-discrimination-lawyer/rancho-cucamonga/","(800) 522-7274","https://results.wilshirelawfirm.com/workplace-discrimination-lawyer/rancho-cucamonga/?kw={keyword}"
"employment","Discrimination & Retaliation","Inland Empire","Ontario","Pomona","CA","https://results.wilshirelawfirm.com/workplace-discrimination-lawyer/pomona/","(800) 522-7274","https://results.wilshirelawfirm.com/workplace-discrimination-lawyer/pomona/?kw={keyword}"
"employment","Discrimination & Retaliation","Inland Empire","Ontario","Chino","CA","https://results.wilshirelawfirm.com/workplace-discrimination-lawyer/chino/","(800) 522-7274","https://results.wilshirelawfirm.com/workplace-discrimination-lawyer/chino/?kw={keyword}"
"employment","Discrimination & Retaliation","Inland Empire","Ontario","Rialto","CA","https://results.wilshirelawfirm.com/workplace-discrimination-lawyer/rialto/","(800) 522-7274","https://results.wilshirelawfirm.com/workplace-discrimination-lawyer/rialto/?kw={keyword}"
"employment","Discrimination & Retaliation","San Diego","San Diego (office)","San Diego","CA","https://results.wilshirelawfirm.com/workplace-discrimination-lawyer/san-diego/","(619) 257-2818","https://results.wilshirelawfirm.com/workplace-discrimination-lawyer/san-diego/?kw={keyword}"
"employment","Discrimination & Retaliation","San Diego","San Diego","Chula Vista","CA","https://results.wilshirelawfirm.com/workplace-discrimination-lawyer/chula-vista/","(619) 257-2818","https://results.wilshirelawfirm.com/workplace-discrimination-lawyer/chula-vista/?kw={keyword}"
"employment","Discrimination & Retaliation","San Diego","San Diego","Oceanside","CA","https://results.wilshirelawfirm.com/workplace-discrimination-lawyer/oceanside/","(619) 257-2818","https://results.wilshirelawfirm.com/workplace-discrimination-lawyer/oceanside/?kw={keyword}"
"employment","Discrimination & Retaliation","San Diego","San Diego","Escondido","CA","https://results.wilshirelawfirm.com/workplace-discrimination-lawyer/escondido/","(619) 257-2818","https://results.wilshirelawfirm.com/workplace-discrimination-lawyer/escondido/?kw={keyword}"
"employment","Discrimination & Retaliation","San Diego","San Diego","El Cajon","CA","https://results.wilshirelawfirm.com/workplace-discrimination-lawyer/el-cajon/","(619) 257-2818","https://results.wilshirelawfirm.com/workplace-discrimination-lawyer/el-cajon/?kw={keyword}"
"employment","Discrimination & Retaliation","San Diego","San Diego","Carlsbad","CA","https://results.wilshirelawfirm.com/workplace-discrimination-lawyer/carlsbad/","(619) 257-2818","https://results.wilshirelawfirm.com/workplace-discrimination-lawyer/carlsbad/?kw={keyword}"
"employment","Discrimination & Retaliation","San Diego","San Diego","National City","CA","https://results.wilshirelawfirm.com/workplace-discrimination-lawyer/national-city/","(619) 257-2818","https://results.wilshirelawfirm.com/workplace-discrimination-lawyer/national-city/?kw={keyword}"
"employment","Discrimination & Retaliation","Central Valley","Bakersfield (office)","Bakersfield","CA","https://results.wilshirelawfirm.com/workplace-discrimination-lawyer/bakersfield/","(800) 522-7274","https://results.wilshirelawfirm.com/workplace-discrimination-lawyer/bakersfield/?kw={keyword}"
"employment","Discrimination & Retaliation","Central Valley","Bakersfield","Delano","CA","https://results.wilshirelawfirm.com/workplace-discrimination-lawyer/delano/","(800) 522-7274","https://results.wilshirelawfirm.com/workplace-discrimination-lawyer/delano/?kw={keyword}"
"employment","Discrimination & Retaliation","Central Valley","Fresno (office)","Fresno","CA","https://results.wilshirelawfirm.com/workplace-discrimination-lawyer/fresno/","(800) 522-7274","https://results.wilshirelawfirm.com/workplace-discrimination-lawyer/fresno/?kw={keyword}"
"employment","Discrimination & Retaliation","Central Valley","Fresno","Clovis","CA","https://results.wilshirelawfirm.com/workplace-discrimination-lawyer/clovis/","(800) 522-7274","https://results.wilshirelawfirm.com/workplace-discrimination-lawyer/clovis/?kw={keyword}"
"employment","Discrimination & Retaliation","Central Valley","Fresno","Visalia","CA","https://results.wilshirelawfirm.com/workplace-discrimination-lawyer/visalia/","(800) 522-7274","https://results.wilshirelawfirm.com/workplace-discrimination-lawyer/visalia/?kw={keyword}"
"employment","Discrimination & Retaliation","Central Valley","Fresno","Madera","CA","https://results.wilshirelawfirm.com/workplace-discrimination-lawyer/madera/","(800) 522-7274","https://results.wilshirelawfirm.com/workplace-discrimination-lawyer/madera/?kw={keyword}"
"employment","Discrimination & Retaliation","Central Valley","Modesto (office)","Modesto","CA","https://results.wilshirelawfirm.com/workplace-discrimination-lawyer/modesto/","(800) 522-7274","https://results.wilshirelawfirm.com/workplace-discrimination-lawyer/modesto/?kw={keyword}"
"employment","Discrimination & Retaliation","Central Valley","Modesto","Stockton","CA","https://results.wilshirelawfirm.com/workplace-discrimination-lawyer/stockton/","(800) 522-7274","https://results.wilshirelawfirm.com/workplace-discrimination-lawyer/stockton/?kw={keyword}"
"employment","Discrimination & Retaliation","Central Valley","Modesto","Turlock","CA","https://results.wilshirelawfirm.com/workplace-discrimination-lawyer/turlock/","(800) 522-7274","https://results.wilshirelawfirm.com/workplace-discrimination-lawyer/turlock/?kw={keyword}"
"employment","Discrimination & Retaliation","Central Valley","Modesto","Merced","CA","https://results.wilshirelawfirm.com/workplace-discrimination-lawyer/merced/","(800) 522-7274","https://results.wilshirelawfirm.com/workplace-discrimination-lawyer/merced/?kw={keyword}"
"employment","Discrimination & Retaliation","Sacramento & Northern California","Sacramento (office)","Sacramento","CA","https://results.wilshirelawfirm.com/workplace-discrimination-lawyer/sacramento/","(916) 957-0598","https://results.wilshirelawfirm.com/workplace-discrimination-lawyer/sacramento/?kw={keyword}"
"employment","Discrimination & Retaliation","Sacramento & Northern California","Sacramento","Elk Grove","CA","https://results.wilshirelawfirm.com/workplace-discrimination-lawyer/elk-grove/","(916) 957-0598","https://results.wilshirelawfirm.com/workplace-discrimination-lawyer/elk-grove/?kw={keyword}"
"employment","Discrimination & Retaliation","Sacramento & Northern California","Sacramento","Roseville","CA","https://results.wilshirelawfirm.com/workplace-discrimination-lawyer/roseville/","(916) 957-0598","https://results.wilshirelawfirm.com/workplace-discrimination-lawyer/roseville/?kw={keyword}"
"employment","Discrimination & Retaliation","Sacramento & Northern California","Sacramento","Folsom","CA","https://results.wilshirelawfirm.com/workplace-discrimination-lawyer/folsom/","(916) 957-0598","https://results.wilshirelawfirm.com/workplace-discrimination-lawyer/folsom/?kw={keyword}"
"employment","Discrimination & Retaliation","Bay Area","Oakland (office)","Oakland","CA","https://results.wilshirelawfirm.com/workplace-discrimination-lawyer/oakland/","(510) 391-4877","https://results.wilshirelawfirm.com/workplace-discrimination-lawyer/oakland/?kw={keyword}"
"employment","Discrimination & Retaliation","Bay Area","Oakland","Berkeley","CA","https://results.wilshirelawfirm.com/workplace-discrimination-lawyer/berkeley/","(510) 391-4877","https://results.wilshirelawfirm.com/workplace-discrimination-lawyer/berkeley/?kw={keyword}"
"employment","Discrimination & Retaliation","Bay Area","Oakland","Hayward","CA","https://results.wilshirelawfirm.com/workplace-discrimination-lawyer/hayward/","(510) 391-4877","https://results.wilshirelawfirm.com/workplace-discrimination-lawyer/hayward/?kw={keyword}"
"employment","Discrimination & Retaliation","Bay Area","Oakland","Fremont","CA","https://results.wilshirelawfirm.com/workplace-discrimination-lawyer/fremont/","(510) 391-4877","https://results.wilshirelawfirm.com/workplace-discrimination-lawyer/fremont/?kw={keyword}"
"employment","Discrimination & Retaliation","Bay Area","Oakland","Richmond","CA","https://results.wilshirelawfirm.com/workplace-discrimination-lawyer/richmond/","(510) 391-4877","https://results.wilshirelawfirm.com/workplace-discrimination-lawyer/richmond/?kw={keyword}"
"employment","Discrimination & Retaliation","Bay Area","Oakland","Concord","CA","https://results.wilshirelawfirm.com/workplace-discrimination-lawyer/concord/","(510) 391-4877","https://results.wilshirelawfirm.com/workplace-discrimination-lawyer/concord/?kw={keyword}"
"employment","Discrimination & Retaliation","Bay Area","San Francisco (office)","San Francisco","CA","https://results.wilshirelawfirm.com/workplace-discrimination-lawyer/san-francisco/","(628) 895-2682","https://results.wilshirelawfirm.com/workplace-discrimination-lawyer/san-francisco/?kw={keyword}"
"employment","Discrimination & Retaliation","Bay Area","San Francisco","San Jose","CA","https://results.wilshirelawfirm.com/workplace-discrimination-lawyer/san-jose/","(628) 895-2682","https://results.wilshirelawfirm.com/workplace-discrimination-lawyer/san-jose/?kw={keyword}"
"employment","Discrimination & Retaliation","Bay Area","San Francisco","Daly City","CA","https://results.wilshirelawfirm.com/workplace-discrimination-lawyer/daly-city/","(628) 895-2682","https://results.wilshirelawfirm.com/workplace-discrimination-lawyer/daly-city/?kw={keyword}"
"employment","Discrimination & Retaliation","Bay Area","San Francisco","San Mateo","CA","https://results.wilshirelawfirm.com/workplace-discrimination-lawyer/san-mateo/","(628) 895-2682","https://results.wilshirelawfirm.com/workplace-discrimination-lawyer/san-mateo/?kw={keyword}"
"employment","Discrimination & Retaliation","Ventura & Central Coast","Oxnard (office)","Oxnard","CA","https://results.wilshirelawfirm.com/workplace-discrimination-lawyer/oxnard/","(800) 891-1876","https://results.wilshirelawfirm.com/workplace-discrimination-lawyer/oxnard/?kw={keyword}"
"employment","Discrimination & Retaliation","Ventura & Central Coast","Oxnard","Ventura","CA","https://results.wilshirelawfirm.com/workplace-discrimination-lawyer/ventura/","(800) 891-1876","https://results.wilshirelawfirm.com/workplace-discrimination-lawyer/ventura/?kw={keyword}"
"employment","Discrimination & Retaliation","Ventura & Central Coast","Oxnard","Thousand Oaks","CA","https://results.wilshirelawfirm.com/workplace-discrimination-lawyer/thousand-oaks/","(800) 891-1876","https://results.wilshirelawfirm.com/workplace-discrimination-lawyer/thousand-oaks/?kw={keyword}"
"employment","Discrimination & Retaliation","Ventura & Central Coast","Oxnard","Simi Valley","CA","https://results.wilshirelawfirm.com/workplace-discrimination-lawyer/simi-valley/","(800) 891-1876","https://results.wilshirelawfirm.com/workplace-discrimination-lawyer/simi-valley/?kw={keyword}"
"employment","Discrimination & Retaliation","Ventura & Central Coast","Oxnard","Santa Barbara","CA","https://results.wilshirelawfirm.com/workplace-discrimination-lawyer/santa-barbara/","(800) 891-1876","https://results.wilshirelawfirm.com/workplace-discrimination-lawyer/santa-barbara/?kw={keyword}"
"injury","Personal Injury","Statewide","—","California","CA","https://results.wilshirelawfirm.com/personal-injury-lawyer/","(800) 522-7274","https://results.wilshirelawfirm.com/personal-injury-lawyer/?kw={keyword}"
"injury","Personal Injury","Statewide","—","Nevada","NV","https://results.wilshirelawfirm.com/personal-injury-lawyer/nevada/","(800) 522-7274","https://results.wilshirelawfirm.com/personal-injury-lawyer/nevada/?kw={keyword}"
"injury","Personal Injury","Los Angeles","Los Angeles (office)","Los Angeles","CA","https://results.wilshirelawfirm.com/personal-injury-lawyer/los-angeles/","(213) 329-7576","https://results.wilshirelawfirm.com/personal-injury-lawyer/los-angeles/?kw={keyword}"
"injury","Personal Injury","Los Angeles","Los Angeles","Downtown Los Angeles","CA","https://results.wilshirelawfirm.com/personal-injury-lawyer/downtown-los-angeles/","(213) 329-7576","https://results.wilshirelawfirm.com/personal-injury-lawyer/downtown-los-angeles/?kw={keyword}"
"injury","Personal Injury","Los Angeles","Los Angeles","Hollywood","CA","https://results.wilshirelawfirm.com/personal-injury-lawyer/hollywood/","(213) 329-7576","https://results.wilshirelawfirm.com/personal-injury-lawyer/hollywood/?kw={keyword}"
"injury","Personal Injury","Los Angeles","Los Angeles","Glendale","CA","https://results.wilshirelawfirm.com/personal-injury-lawyer/glendale/","(213) 329-7576","https://results.wilshirelawfirm.com/personal-injury-lawyer/glendale/?kw={keyword}"
"injury","Personal Injury","Los Angeles","Los Angeles","Pasadena","CA","https://results.wilshirelawfirm.com/personal-injury-lawyer/pasadena/","(213) 329-7576","https://results.wilshirelawfirm.com/personal-injury-lawyer/pasadena/?kw={keyword}"
"injury","Personal Injury","Los Angeles","Los Angeles","Burbank","CA","https://results.wilshirelawfirm.com/personal-injury-lawyer/burbank/","(213) 329-7576","https://results.wilshirelawfirm.com/personal-injury-lawyer/burbank/?kw={keyword}"
"injury","Personal Injury","Los Angeles","Los Angeles","Santa Monica","CA","https://results.wilshirelawfirm.com/personal-injury-lawyer/santa-monica/","(213) 329-7576","https://results.wilshirelawfirm.com/personal-injury-lawyer/santa-monica/?kw={keyword}"
"injury","Personal Injury","Los Angeles","Los Angeles","Inglewood","CA","https://results.wilshirelawfirm.com/personal-injury-lawyer/inglewood/","(213) 329-7576","https://results.wilshirelawfirm.com/personal-injury-lawyer/inglewood/?kw={keyword}"
"injury","Personal Injury","Los Angeles","Los Angeles","Van Nuys","CA","https://results.wilshirelawfirm.com/personal-injury-lawyer/van-nuys/","(213) 329-7576","https://results.wilshirelawfirm.com/personal-injury-lawyer/van-nuys/?kw={keyword}"
"injury","Personal Injury","Los Angeles","Los Angeles","East Los Angeles","CA","https://results.wilshirelawfirm.com/personal-injury-lawyer/east-los-angeles/","(213) 329-7576","https://results.wilshirelawfirm.com/personal-injury-lawyer/east-los-angeles/?kw={keyword}"
"injury","Personal Injury","Los Angeles","Los Angeles","Koreatown","CA","https://results.wilshirelawfirm.com/personal-injury-lawyer/koreatown/","(213) 329-7576","https://results.wilshirelawfirm.com/personal-injury-lawyer/koreatown/?kw={keyword}"
"injury","Personal Injury","Los Angeles","Los Angeles","Compton","CA","https://results.wilshirelawfirm.com/personal-injury-lawyer/compton/","(213) 329-7576","https://results.wilshirelawfirm.com/personal-injury-lawyer/compton/?kw={keyword}"
"injury","Personal Injury","Los Angeles","Los Angeles","Whittier","CA","https://results.wilshirelawfirm.com/personal-injury-lawyer/whittier/","(213) 329-7576","https://results.wilshirelawfirm.com/personal-injury-lawyer/whittier/?kw={keyword}"
"injury","Personal Injury","Los Angeles","Beverly Hills (office)","Beverly Hills","CA","https://results.wilshirelawfirm.com/personal-injury-lawyer/beverly-hills/","(310) 879-1030","https://results.wilshirelawfirm.com/personal-injury-lawyer/beverly-hills/?kw={keyword}"
"injury","Personal Injury","Los Angeles","Beverly Hills","West Hollywood","CA","https://results.wilshirelawfirm.com/personal-injury-lawyer/west-hollywood/","(310) 879-1030","https://results.wilshirelawfirm.com/personal-injury-lawyer/west-hollywood/?kw={keyword}"
"injury","Personal Injury","Los Angeles","Beverly Hills","Culver City","CA","https://results.wilshirelawfirm.com/personal-injury-lawyer/culver-city/","(310) 879-1030","https://results.wilshirelawfirm.com/personal-injury-lawyer/culver-city/?kw={keyword}"
"injury","Personal Injury","Los Angeles","Beverly Hills","Westwood","CA","https://results.wilshirelawfirm.com/personal-injury-lawyer/westwood/","(310) 879-1030","https://results.wilshirelawfirm.com/personal-injury-lawyer/westwood/?kw={keyword}"
"injury","Personal Injury","Los Angeles","Beverly Hills","Sherman Oaks","CA","https://results.wilshirelawfirm.com/personal-injury-lawyer/sherman-oaks/","(310) 879-1030","https://results.wilshirelawfirm.com/personal-injury-lawyer/sherman-oaks/?kw={keyword}"
"injury","Personal Injury","Los Angeles","Torrance (office)","Torrance","CA","https://results.wilshirelawfirm.com/personal-injury-lawyer/torrance/","(310) 307-3316","https://results.wilshirelawfirm.com/personal-injury-lawyer/torrance/?kw={keyword}"
"injury","Personal Injury","Los Angeles","Torrance","Carson","CA","https://results.wilshirelawfirm.com/personal-injury-lawyer/carson/","(310) 307-3316","https://results.wilshirelawfirm.com/personal-injury-lawyer/carson/?kw={keyword}"
"injury","Personal Injury","Los Angeles","Torrance","Gardena","CA","https://results.wilshirelawfirm.com/personal-injury-lawyer/gardena/","(310) 307-3316","https://results.wilshirelawfirm.com/personal-injury-lawyer/gardena/?kw={keyword}"
"injury","Personal Injury","Los Angeles","Torrance","Redondo Beach","CA","https://results.wilshirelawfirm.com/personal-injury-lawyer/redondo-beach/","(310) 307-3316","https://results.wilshirelawfirm.com/personal-injury-lawyer/redondo-beach/?kw={keyword}"
"injury","Personal Injury","Los Angeles","Torrance","Hawthorne","CA","https://results.wilshirelawfirm.com/personal-injury-lawyer/hawthorne/","(310) 307-3316","https://results.wilshirelawfirm.com/personal-injury-lawyer/hawthorne/?kw={keyword}"
"injury","Personal Injury","Los Angeles","Torrance","San Pedro","CA","https://results.wilshirelawfirm.com/personal-injury-lawyer/san-pedro/","(310) 307-3316","https://results.wilshirelawfirm.com/personal-injury-lawyer/san-pedro/?kw={keyword}"
"injury","Personal Injury","Los Angeles","Long Beach (office)","Long Beach","CA","https://results.wilshirelawfirm.com/personal-injury-lawyer/long-beach/","(800) 522-7274","https://results.wilshirelawfirm.com/personal-injury-lawyer/long-beach/?kw={keyword}"
"injury","Personal Injury","Los Angeles","Long Beach","Lakewood","CA","https://results.wilshirelawfirm.com/personal-injury-lawyer/lakewood/","(800) 522-7274","https://results.wilshirelawfirm.com/personal-injury-lawyer/lakewood/?kw={keyword}"
"injury","Personal Injury","Los Angeles","Long Beach","Downey","CA","https://results.wilshirelawfirm.com/personal-injury-lawyer/downey/","(800) 522-7274","https://results.wilshirelawfirm.com/personal-injury-lawyer/downey/?kw={keyword}"
"injury","Personal Injury","Los Angeles","Long Beach","Norwalk","CA","https://results.wilshirelawfirm.com/personal-injury-lawyer/norwalk/","(800) 522-7274","https://results.wilshirelawfirm.com/personal-injury-lawyer/norwalk/?kw={keyword}"
"injury","Personal Injury","Los Angeles","Long Beach","Bellflower","CA","https://results.wilshirelawfirm.com/personal-injury-lawyer/bellflower/","(800) 522-7274","https://results.wilshirelawfirm.com/personal-injury-lawyer/bellflower/?kw={keyword}"
"injury","Personal Injury","Los Angeles","Palmdale (office)","Palmdale","CA","https://results.wilshirelawfirm.com/personal-injury-lawyer/palmdale/","(800) 891-1876","https://results.wilshirelawfirm.com/personal-injury-lawyer/palmdale/?kw={keyword}"
"injury","Personal Injury","Los Angeles","Palmdale","Santa Clarita","CA","https://results.wilshirelawfirm.com/personal-injury-lawyer/santa-clarita/","(800) 891-1876","https://results.wilshirelawfirm.com/personal-injury-lawyer/santa-clarita/?kw={keyword}"
"injury","Personal Injury","Los Angeles","Palmdale","Victorville","CA","https://results.wilshirelawfirm.com/personal-injury-lawyer/victorville/","(800) 891-1876","https://results.wilshirelawfirm.com/personal-injury-lawyer/victorville/?kw={keyword}"
"injury","Personal Injury","Los Angeles","Lancaster (office)","Lancaster","CA","https://results.wilshirelawfirm.com/personal-injury-lawyer/lancaster/","(800) 891-1876","https://results.wilshirelawfirm.com/personal-injury-lawyer/lancaster/?kw={keyword}"
"injury","Personal Injury","Los Angeles","Lancaster","Antelope Valley","CA","https://results.wilshirelawfirm.com/personal-injury-lawyer/antelope-valley/","(800) 891-1876","https://results.wilshirelawfirm.com/personal-injury-lawyer/antelope-valley/?kw={keyword}"
"injury","Personal Injury","Orange County","Irvine (office)","Irvine","CA","https://results.wilshirelawfirm.com/personal-injury-lawyer/irvine/","(949) 591-8266","https://results.wilshirelawfirm.com/personal-injury-lawyer/irvine/?kw={keyword}"
"injury","Personal Injury","Orange County","Irvine","Santa Ana","CA","https://results.wilshirelawfirm.com/personal-injury-lawyer/santa-ana/","(949) 591-8266","https://results.wilshirelawfirm.com/personal-injury-lawyer/santa-ana/?kw={keyword}"
"injury","Personal Injury","Orange County","Irvine","Huntington Beach","CA","https://results.wilshirelawfirm.com/personal-injury-lawyer/huntington-beach/","(949) 591-8266","https://results.wilshirelawfirm.com/personal-injury-lawyer/huntington-beach/?kw={keyword}"
"injury","Personal Injury","Orange County","Irvine","Costa Mesa","CA","https://results.wilshirelawfirm.com/personal-injury-lawyer/costa-mesa/","(949) 591-8266","https://results.wilshirelawfirm.com/personal-injury-lawyer/costa-mesa/?kw={keyword}"
"injury","Personal Injury","Orange County","Irvine","Newport Beach","CA","https://results.wilshirelawfirm.com/personal-injury-lawyer/newport-beach/","(949) 591-8266","https://results.wilshirelawfirm.com/personal-injury-lawyer/newport-beach/?kw={keyword}"
"injury","Personal Injury","Orange County","Irvine","Mission Viejo","CA","https://results.wilshirelawfirm.com/personal-injury-lawyer/mission-viejo/","(949) 591-8266","https://results.wilshirelawfirm.com/personal-injury-lawyer/mission-viejo/?kw={keyword}"
"injury","Personal Injury","Orange County","Irvine","Lake Forest","CA","https://results.wilshirelawfirm.com/personal-injury-lawyer/lake-forest/","(949) 591-8266","https://results.wilshirelawfirm.com/personal-injury-lawyer/lake-forest/?kw={keyword}"
"injury","Personal Injury","Orange County","Irvine","Tustin","CA","https://results.wilshirelawfirm.com/personal-injury-lawyer/tustin/","(949) 591-8266","https://results.wilshirelawfirm.com/personal-injury-lawyer/tustin/?kw={keyword}"
"injury","Personal Injury","Orange County","Orange (office)","Orange","CA","https://results.wilshirelawfirm.com/personal-injury-lawyer/orange/","(714) 386-1747","https://results.wilshirelawfirm.com/personal-injury-lawyer/orange/?kw={keyword}"
"injury","Personal Injury","Orange County","Orange","Anaheim","CA","https://results.wilshirelawfirm.com/personal-injury-lawyer/anaheim/","(714) 386-1747","https://results.wilshirelawfirm.com/personal-injury-lawyer/anaheim/?kw={keyword}"
"injury","Personal Injury","Orange County","Orange","Garden Grove","CA","https://results.wilshirelawfirm.com/personal-injury-lawyer/garden-grove/","(714) 386-1747","https://results.wilshirelawfirm.com/personal-injury-lawyer/garden-grove/?kw={keyword}"
"injury","Personal Injury","Orange County","Orange","Fullerton","CA","https://results.wilshirelawfirm.com/personal-injury-lawyer/fullerton/","(714) 386-1747","https://results.wilshirelawfirm.com/personal-injury-lawyer/fullerton/?kw={keyword}"
"injury","Personal Injury","Orange County","Orange","Westminster","CA","https://results.wilshirelawfirm.com/personal-injury-lawyer/westminster/","(714) 386-1747","https://results.wilshirelawfirm.com/personal-injury-lawyer/westminster/?kw={keyword}"
"injury","Personal Injury","Inland Empire","Riverside (office)","Riverside","CA","https://results.wilshirelawfirm.com/personal-injury-lawyer/riverside/","(951) 557-6087","https://results.wilshirelawfirm.com/personal-injury-lawyer/riverside/?kw={keyword}"
"injury","Personal Injury","Inland Empire","Riverside","Moreno Valley","CA","https://results.wilshirelawfirm.com/personal-injury-lawyer/moreno-valley/","(951) 557-6087","https://results.wilshirelawfirm.com/personal-injury-lawyer/moreno-valley/?kw={keyword}"
"injury","Personal Injury","Inland Empire","Riverside","Corona","CA","https://results.wilshirelawfirm.com/personal-injury-lawyer/corona/","(951) 557-6087","https://results.wilshirelawfirm.com/personal-injury-lawyer/corona/?kw={keyword}"
"injury","Personal Injury","Inland Empire","Riverside","Temecula","CA","https://results.wilshirelawfirm.com/personal-injury-lawyer/temecula/","(951) 557-6087","https://results.wilshirelawfirm.com/personal-injury-lawyer/temecula/?kw={keyword}"
"injury","Personal Injury","Inland Empire","Riverside","Murrieta","CA","https://results.wilshirelawfirm.com/personal-injury-lawyer/murrieta/","(951) 557-6087","https://results.wilshirelawfirm.com/personal-injury-lawyer/murrieta/?kw={keyword}"
"injury","Personal Injury","Inland Empire","Riverside","Hemet","CA","https://results.wilshirelawfirm.com/personal-injury-lawyer/hemet/","(951) 557-6087","https://results.wilshirelawfirm.com/personal-injury-lawyer/hemet/?kw={keyword}"
"injury","Personal Injury","Inland Empire","Ontario (office)","Ontario","CA","https://results.wilshirelawfirm.com/personal-injury-lawyer/ontario/","(800) 522-7274","https://results.wilshirelawfirm.com/personal-injury-lawyer/ontario/?kw={keyword}"
"injury","Personal Injury","Inland Empire","Ontario","San Bernardino","CA","https://results.wilshirelawfirm.com/personal-injury-lawyer/san-bernardino/","(800) 522-7274","https://results.wilshirelawfirm.com/personal-injury-lawyer/san-bernardino/?kw={keyword}"
"injury","Personal Injury","Inland Empire","Ontario","Fontana","CA","https://results.wilshirelawfirm.com/personal-injury-lawyer/fontana/","(800) 522-7274","https://results.wilshirelawfirm.com/personal-injury-lawyer/fontana/?kw={keyword}"
"injury","Personal Injury","Inland Empire","Ontario","Rancho Cucamonga","CA","https://results.wilshirelawfirm.com/personal-injury-lawyer/rancho-cucamonga/","(800) 522-7274","https://results.wilshirelawfirm.com/personal-injury-lawyer/rancho-cucamonga/?kw={keyword}"
"injury","Personal Injury","Inland Empire","Ontario","Pomona","CA","https://results.wilshirelawfirm.com/personal-injury-lawyer/pomona/","(800) 522-7274","https://results.wilshirelawfirm.com/personal-injury-lawyer/pomona/?kw={keyword}"
"injury","Personal Injury","Inland Empire","Ontario","Chino","CA","https://results.wilshirelawfirm.com/personal-injury-lawyer/chino/","(800) 522-7274","https://results.wilshirelawfirm.com/personal-injury-lawyer/chino/?kw={keyword}"
"injury","Personal Injury","Inland Empire","Ontario","Rialto","CA","https://results.wilshirelawfirm.com/personal-injury-lawyer/rialto/","(800) 522-7274","https://results.wilshirelawfirm.com/personal-injury-lawyer/rialto/?kw={keyword}"
"injury","Personal Injury","San Diego","San Diego (office)","San Diego","CA","https://results.wilshirelawfirm.com/personal-injury-lawyer/san-diego/","(619) 257-2818","https://results.wilshirelawfirm.com/personal-injury-lawyer/san-diego/?kw={keyword}"
"injury","Personal Injury","San Diego","San Diego","Chula Vista","CA","https://results.wilshirelawfirm.com/personal-injury-lawyer/chula-vista/","(619) 257-2818","https://results.wilshirelawfirm.com/personal-injury-lawyer/chula-vista/?kw={keyword}"
"injury","Personal Injury","San Diego","San Diego","Oceanside","CA","https://results.wilshirelawfirm.com/personal-injury-lawyer/oceanside/","(619) 257-2818","https://results.wilshirelawfirm.com/personal-injury-lawyer/oceanside/?kw={keyword}"
"injury","Personal Injury","San Diego","San Diego","Escondido","CA","https://results.wilshirelawfirm.com/personal-injury-lawyer/escondido/","(619) 257-2818","https://results.wilshirelawfirm.com/personal-injury-lawyer/escondido/?kw={keyword}"
"injury","Personal Injury","San Diego","San Diego","El Cajon","CA","https://results.wilshirelawfirm.com/personal-injury-lawyer/el-cajon/","(619) 257-2818","https://results.wilshirelawfirm.com/personal-injury-lawyer/el-cajon/?kw={keyword}"
"injury","Personal Injury","San Diego","San Diego","Carlsbad","CA","https://results.wilshirelawfirm.com/personal-injury-lawyer/carlsbad/","(619) 257-2818","https://results.wilshirelawfirm.com/personal-injury-lawyer/carlsbad/?kw={keyword}"
"injury","Personal Injury","San Diego","San Diego","National City","CA","https://results.wilshirelawfirm.com/personal-injury-lawyer/national-city/","(619) 257-2818","https://results.wilshirelawfirm.com/personal-injury-lawyer/national-city/?kw={keyword}"
"injury","Personal Injury","Central Valley","Bakersfield (office)","Bakersfield","CA","https://results.wilshirelawfirm.com/personal-injury-lawyer/bakersfield/","(800) 522-7274","https://results.wilshirelawfirm.com/personal-injury-lawyer/bakersfield/?kw={keyword}"
"injury","Personal Injury","Central Valley","Bakersfield","Delano","CA","https://results.wilshirelawfirm.com/personal-injury-lawyer/delano/","(800) 522-7274","https://results.wilshirelawfirm.com/personal-injury-lawyer/delano/?kw={keyword}"
"injury","Personal Injury","Central Valley","Fresno (office)","Fresno","CA","https://results.wilshirelawfirm.com/personal-injury-lawyer/fresno/","(800) 522-7274","https://results.wilshirelawfirm.com/personal-injury-lawyer/fresno/?kw={keyword}"
"injury","Personal Injury","Central Valley","Fresno","Clovis","CA","https://results.wilshirelawfirm.com/personal-injury-lawyer/clovis/","(800) 522-7274","https://results.wilshirelawfirm.com/personal-injury-lawyer/clovis/?kw={keyword}"
"injury","Personal Injury","Central Valley","Fresno","Visalia","CA","https://results.wilshirelawfirm.com/personal-injury-lawyer/visalia/","(800) 522-7274","https://results.wilshirelawfirm.com/personal-injury-lawyer/visalia/?kw={keyword}"
"injury","Personal Injury","Central Valley","Fresno","Madera","CA","https://results.wilshirelawfirm.com/personal-injury-lawyer/madera/","(800) 522-7274","https://results.wilshirelawfirm.com/personal-injury-lawyer/madera/?kw={keyword}"
"injury","Personal Injury","Central Valley","Modesto (office)","Modesto","CA","https://results.wilshirelawfirm.com/personal-injury-lawyer/modesto/","(800) 522-7274","https://results.wilshirelawfirm.com/personal-injury-lawyer/modesto/?kw={keyword}"
"injury","Personal Injury","Central Valley","Modesto","Stockton","CA","https://results.wilshirelawfirm.com/personal-injury-lawyer/stockton/","(800) 522-7274","https://results.wilshirelawfirm.com/personal-injury-lawyer/stockton/?kw={keyword}"
"injury","Personal Injury","Central Valley","Modesto","Turlock","CA","https://results.wilshirelawfirm.com/personal-injury-lawyer/turlock/","(800) 522-7274","https://results.wilshirelawfirm.com/personal-injury-lawyer/turlock/?kw={keyword}"
"injury","Personal Injury","Central Valley","Modesto","Merced","CA","https://results.wilshirelawfirm.com/personal-injury-lawyer/merced/","(800) 522-7274","https://results.wilshirelawfirm.com/personal-injury-lawyer/merced/?kw={keyword}"
"injury","Personal Injury","Sacramento & Northern California","Sacramento (office)","Sacramento","CA","https://results.wilshirelawfirm.com/personal-injury-lawyer/sacramento/","(916) 957-0598","https://results.wilshirelawfirm.com/personal-injury-lawyer/sacramento/?kw={keyword}"
"injury","Personal Injury","Sacramento & Northern California","Sacramento","Elk Grove","CA","https://results.wilshirelawfirm.com/personal-injury-lawyer/elk-grove/","(916) 957-0598","https://results.wilshirelawfirm.com/personal-injury-lawyer/elk-grove/?kw={keyword}"
"injury","Personal Injury","Sacramento & Northern California","Sacramento","Roseville","CA","https://results.wilshirelawfirm.com/personal-injury-lawyer/roseville/","(916) 957-0598","https://results.wilshirelawfirm.com/personal-injury-lawyer/roseville/?kw={keyword}"
"injury","Personal Injury","Sacramento & Northern California","Sacramento","Folsom","CA","https://results.wilshirelawfirm.com/personal-injury-lawyer/folsom/","(916) 957-0598","https://results.wilshirelawfirm.com/personal-injury-lawyer/folsom/?kw={keyword}"
"injury","Personal Injury","Bay Area","Oakland (office)","Oakland","CA","https://results.wilshirelawfirm.com/personal-injury-lawyer/oakland/","(510) 391-4877","https://results.wilshirelawfirm.com/personal-injury-lawyer/oakland/?kw={keyword}"
"injury","Personal Injury","Bay Area","Oakland","Berkeley","CA","https://results.wilshirelawfirm.com/personal-injury-lawyer/berkeley/","(510) 391-4877","https://results.wilshirelawfirm.com/personal-injury-lawyer/berkeley/?kw={keyword}"
"injury","Personal Injury","Bay Area","Oakland","Hayward","CA","https://results.wilshirelawfirm.com/personal-injury-lawyer/hayward/","(510) 391-4877","https://results.wilshirelawfirm.com/personal-injury-lawyer/hayward/?kw={keyword}"
"injury","Personal Injury","Bay Area","Oakland","Fremont","CA","https://results.wilshirelawfirm.com/personal-injury-lawyer/fremont/","(510) 391-4877","https://results.wilshirelawfirm.com/personal-injury-lawyer/fremont/?kw={keyword}"
"injury","Personal Injury","Bay Area","Oakland","Richmond","CA","https://results.wilshirelawfirm.com/personal-injury-lawyer/richmond/","(510) 391-4877","https://results.wilshirelawfirm.com/personal-injury-lawyer/richmond/?kw={keyword}"
"injury","Personal Injury","Bay Area","Oakland","Concord","CA","https://results.wilshirelawfirm.com/personal-injury-lawyer/concord/","(510) 391-4877","https://results.wilshirelawfirm.com/personal-injury-lawyer/concord/?kw={keyword}"
"injury","Personal Injury","Bay Area","San Francisco (office)","San Francisco","CA","https://results.wilshirelawfirm.com/personal-injury-lawyer/san-francisco/","(628) 895-2682","https://results.wilshirelawfirm.com/personal-injury-lawyer/san-francisco/?kw={keyword}"
"injury","Personal Injury","Bay Area","San Francisco","San Jose","CA","https://results.wilshirelawfirm.com/personal-injury-lawyer/san-jose/","(628) 895-2682","https://results.wilshirelawfirm.com/personal-injury-lawyer/san-jose/?kw={keyword}"
"injury","Personal Injury","Bay Area","San Francisco","Daly City","CA","https://results.wilshirelawfirm.com/personal-injury-lawyer/daly-city/","(628) 895-2682","https://results.wilshirelawfirm.com/personal-injury-lawyer/daly-city/?kw={keyword}"
"injury","Personal Injury","Bay Area","San Francisco","San Mateo","CA","https://results.wilshirelawfirm.com/personal-injury-lawyer/san-mateo/","(628) 895-2682","https://results.wilshirelawfirm.com/personal-injury-lawyer/san-mateo/?kw={keyword}"
"injury","Personal Injury","Ventura & Central Coast","Oxnard (office)","Oxnard","CA","https://results.wilshirelawfirm.com/personal-injury-lawyer/oxnard/","(800) 891-1876","https://results.wilshirelawfirm.com/personal-injury-lawyer/oxnard/?kw={keyword}"
"injury","Personal Injury","Ventura & Central Coast","Oxnard","Ventura","CA","https://results.wilshirelawfirm.com/personal-injury-lawyer/ventura/","(800) 891-1876","https://results.wilshirelawfirm.com/personal-injury-lawyer/ventura/?kw={keyword}"
"injury","Personal Injury","Ventura & Central Coast","Oxnard","Thousand Oaks","CA","https://results.wilshirelawfirm.com/personal-injury-lawyer/thousand-oaks/","(800) 891-1876","https://results.wilshirelawfirm.com/personal-injury-lawyer/thousand-oaks/?kw={keyword}"
"injury","Personal Injury","Ventura & Central Coast","Oxnard","Simi Valley","CA","https://results.wilshirelawfirm.com/personal-injury-lawyer/simi-valley/","(800) 891-1876","https://results.wilshirelawfirm.com/personal-injury-lawyer/simi-valley/?kw={keyword}"
"injury","Personal Injury","Ventura & Central Coast","Oxnard","Santa Barbara","CA","https://results.wilshirelawfirm.com/personal-injury-lawyer/santa-barbara/","(800) 891-1876","https://results.wilshirelawfirm.com/personal-injury-lawyer/santa-barbara/?kw={keyword}"
"injury","Personal Injury","Nevada","Las Vegas (office)","Las Vegas","NV","https://results.wilshirelawfirm.com/personal-injury-lawyer/las-vegas/","(800) 522-7274","https://results.wilshirelawfirm.com/personal-injury-lawyer/las-vegas/?kw={keyword}"
"injury","Personal Injury","Nevada","Las Vegas","Henderson","NV","https://results.wilshirelawfirm.com/personal-injury-lawyer/henderson/","(800) 522-7274","https://results.wilshirelawfirm.com/personal-injury-lawyer/henderson/?kw={keyword}"
"injury","Personal Injury","Nevada","Las Vegas","North Las Vegas","NV","https://results.wilshirelawfirm.com/personal-injury-lawyer/north-las-vegas/","(800) 522-7274","https://results.wilshirelawfirm.com/personal-injury-lawyer/north-las-vegas/?kw={keyword}"
"injury","Personal Injury","Nevada","Las Vegas","Summerlin","NV","https://results.wilshirelawfirm.com/personal-injury-lawyer/summerlin/","(800) 522-7274","https://results.wilshirelawfirm.com/personal-injury-lawyer/summerlin/?kw={keyword}"
"injury","Car Accident","Statewide","—","California","CA","https://results.wilshirelawfirm.com/car-accident-lawyer/","(800) 522-7274","https://results.wilshirelawfirm.com/car-accident-lawyer/?kw={keyword}"
"injury","Car Accident","Statewide","—","Nevada","NV","https://results.wilshirelawfirm.com/car-accident-lawyer/nevada/","(800) 522-7274","https://results.wilshirelawfirm.com/car-accident-lawyer/nevada/?kw={keyword}"
"injury","Car Accident","Los Angeles","Los Angeles (office)","Los Angeles","CA","https://results.wilshirelawfirm.com/car-accident-lawyer/los-angeles/","(213) 329-7576","https://results.wilshirelawfirm.com/car-accident-lawyer/los-angeles/?kw={keyword}"
"injury","Car Accident","Los Angeles","Los Angeles","Downtown Los Angeles","CA","https://results.wilshirelawfirm.com/car-accident-lawyer/downtown-los-angeles/","(213) 329-7576","https://results.wilshirelawfirm.com/car-accident-lawyer/downtown-los-angeles/?kw={keyword}"
"injury","Car Accident","Los Angeles","Los Angeles","Hollywood","CA","https://results.wilshirelawfirm.com/car-accident-lawyer/hollywood/","(213) 329-7576","https://results.wilshirelawfirm.com/car-accident-lawyer/hollywood/?kw={keyword}"
"injury","Car Accident","Los Angeles","Los Angeles","Glendale","CA","https://results.wilshirelawfirm.com/car-accident-lawyer/glendale/","(213) 329-7576","https://results.wilshirelawfirm.com/car-accident-lawyer/glendale/?kw={keyword}"
"injury","Car Accident","Los Angeles","Los Angeles","Pasadena","CA","https://results.wilshirelawfirm.com/car-accident-lawyer/pasadena/","(213) 329-7576","https://results.wilshirelawfirm.com/car-accident-lawyer/pasadena/?kw={keyword}"
"injury","Car Accident","Los Angeles","Los Angeles","Burbank","CA","https://results.wilshirelawfirm.com/car-accident-lawyer/burbank/","(213) 329-7576","https://results.wilshirelawfirm.com/car-accident-lawyer/burbank/?kw={keyword}"
"injury","Car Accident","Los Angeles","Los Angeles","Santa Monica","CA","https://results.wilshirelawfirm.com/car-accident-lawyer/santa-monica/","(213) 329-7576","https://results.wilshirelawfirm.com/car-accident-lawyer/santa-monica/?kw={keyword}"
"injury","Car Accident","Los Angeles","Los Angeles","Inglewood","CA","https://results.wilshirelawfirm.com/car-accident-lawyer/inglewood/","(213) 329-7576","https://results.wilshirelawfirm.com/car-accident-lawyer/inglewood/?kw={keyword}"
"injury","Car Accident","Los Angeles","Los Angeles","Van Nuys","CA","https://results.wilshirelawfirm.com/car-accident-lawyer/van-nuys/","(213) 329-7576","https://results.wilshirelawfirm.com/car-accident-lawyer/van-nuys/?kw={keyword}"
"injury","Car Accident","Los Angeles","Los Angeles","East Los Angeles","CA","https://results.wilshirelawfirm.com/car-accident-lawyer/east-los-angeles/","(213) 329-7576","https://results.wilshirelawfirm.com/car-accident-lawyer/east-los-angeles/?kw={keyword}"
"injury","Car Accident","Los Angeles","Los Angeles","Koreatown","CA","https://results.wilshirelawfirm.com/car-accident-lawyer/koreatown/","(213) 329-7576","https://results.wilshirelawfirm.com/car-accident-lawyer/koreatown/?kw={keyword}"
"injury","Car Accident","Los Angeles","Los Angeles","Compton","CA","https://results.wilshirelawfirm.com/car-accident-lawyer/compton/","(213) 329-7576","https://results.wilshirelawfirm.com/car-accident-lawyer/compton/?kw={keyword}"
"injury","Car Accident","Los Angeles","Los Angeles","Whittier","CA","https://results.wilshirelawfirm.com/car-accident-lawyer/whittier/","(213) 329-7576","https://results.wilshirelawfirm.com/car-accident-lawyer/whittier/?kw={keyword}"
"injury","Car Accident","Los Angeles","Beverly Hills (office)","Beverly Hills","CA","https://results.wilshirelawfirm.com/car-accident-lawyer/beverly-hills/","(310) 879-1030","https://results.wilshirelawfirm.com/car-accident-lawyer/beverly-hills/?kw={keyword}"
"injury","Car Accident","Los Angeles","Beverly Hills","West Hollywood","CA","https://results.wilshirelawfirm.com/car-accident-lawyer/west-hollywood/","(310) 879-1030","https://results.wilshirelawfirm.com/car-accident-lawyer/west-hollywood/?kw={keyword}"
"injury","Car Accident","Los Angeles","Beverly Hills","Culver City","CA","https://results.wilshirelawfirm.com/car-accident-lawyer/culver-city/","(310) 879-1030","https://results.wilshirelawfirm.com/car-accident-lawyer/culver-city/?kw={keyword}"
"injury","Car Accident","Los Angeles","Beverly Hills","Westwood","CA","https://results.wilshirelawfirm.com/car-accident-lawyer/westwood/","(310) 879-1030","https://results.wilshirelawfirm.com/car-accident-lawyer/westwood/?kw={keyword}"
"injury","Car Accident","Los Angeles","Beverly Hills","Sherman Oaks","CA","https://results.wilshirelawfirm.com/car-accident-lawyer/sherman-oaks/","(310) 879-1030","https://results.wilshirelawfirm.com/car-accident-lawyer/sherman-oaks/?kw={keyword}"
"injury","Car Accident","Los Angeles","Torrance (office)","Torrance","CA","https://results.wilshirelawfirm.com/car-accident-lawyer/torrance/","(310) 307-3316","https://results.wilshirelawfirm.com/car-accident-lawyer/torrance/?kw={keyword}"
"injury","Car Accident","Los Angeles","Torrance","Carson","CA","https://results.wilshirelawfirm.com/car-accident-lawyer/carson/","(310) 307-3316","https://results.wilshirelawfirm.com/car-accident-lawyer/carson/?kw={keyword}"
"injury","Car Accident","Los Angeles","Torrance","Gardena","CA","https://results.wilshirelawfirm.com/car-accident-lawyer/gardena/","(310) 307-3316","https://results.wilshirelawfirm.com/car-accident-lawyer/gardena/?kw={keyword}"
"injury","Car Accident","Los Angeles","Torrance","Redondo Beach","CA","https://results.wilshirelawfirm.com/car-accident-lawyer/redondo-beach/","(310) 307-3316","https://results.wilshirelawfirm.com/car-accident-lawyer/redondo-beach/?kw={keyword}"
"injury","Car Accident","Los Angeles","Torrance","Hawthorne","CA","https://results.wilshirelawfirm.com/car-accident-lawyer/hawthorne/","(310) 307-3316","https://results.wilshirelawfirm.com/car-accident-lawyer/hawthorne/?kw={keyword}"
"injury","Car Accident","Los Angeles","Torrance","San Pedro","CA","https://results.wilshirelawfirm.com/car-accident-lawyer/san-pedro/","(310) 307-3316","https://results.wilshirelawfirm.com/car-accident-lawyer/san-pedro/?kw={keyword}"
"injury","Car Accident","Los Angeles","Long Beach (office)","Long Beach","CA","https://results.wilshirelawfirm.com/car-accident-lawyer/long-beach/","(800) 522-7274","https://results.wilshirelawfirm.com/car-accident-lawyer/long-beach/?kw={keyword}"
"injury","Car Accident","Los Angeles","Long Beach","Lakewood","CA","https://results.wilshirelawfirm.com/car-accident-lawyer/lakewood/","(800) 522-7274","https://results.wilshirelawfirm.com/car-accident-lawyer/lakewood/?kw={keyword}"
"injury","Car Accident","Los Angeles","Long Beach","Downey","CA","https://results.wilshirelawfirm.com/car-accident-lawyer/downey/","(800) 522-7274","https://results.wilshirelawfirm.com/car-accident-lawyer/downey/?kw={keyword}"
"injury","Car Accident","Los Angeles","Long Beach","Norwalk","CA","https://results.wilshirelawfirm.com/car-accident-lawyer/norwalk/","(800) 522-7274","https://results.wilshirelawfirm.com/car-accident-lawyer/norwalk/?kw={keyword}"
"injury","Car Accident","Los Angeles","Long Beach","Bellflower","CA","https://results.wilshirelawfirm.com/car-accident-lawyer/bellflower/","(800) 522-7274","https://results.wilshirelawfirm.com/car-accident-lawyer/bellflower/?kw={keyword}"
"injury","Car Accident","Los Angeles","Palmdale (office)","Palmdale","CA","https://results.wilshirelawfirm.com/car-accident-lawyer/palmdale/","(800) 891-1876","https://results.wilshirelawfirm.com/car-accident-lawyer/palmdale/?kw={keyword}"
"injury","Car Accident","Los Angeles","Palmdale","Santa Clarita","CA","https://results.wilshirelawfirm.com/car-accident-lawyer/santa-clarita/","(800) 891-1876","https://results.wilshirelawfirm.com/car-accident-lawyer/santa-clarita/?kw={keyword}"
"injury","Car Accident","Los Angeles","Palmdale","Victorville","CA","https://results.wilshirelawfirm.com/car-accident-lawyer/victorville/","(800) 891-1876","https://results.wilshirelawfirm.com/car-accident-lawyer/victorville/?kw={keyword}"
"injury","Car Accident","Los Angeles","Lancaster (office)","Lancaster","CA","https://results.wilshirelawfirm.com/car-accident-lawyer/lancaster/","(800) 891-1876","https://results.wilshirelawfirm.com/car-accident-lawyer/lancaster/?kw={keyword}"
"injury","Car Accident","Los Angeles","Lancaster","Antelope Valley","CA","https://results.wilshirelawfirm.com/car-accident-lawyer/antelope-valley/","(800) 891-1876","https://results.wilshirelawfirm.com/car-accident-lawyer/antelope-valley/?kw={keyword}"
"injury","Car Accident","Orange County","Irvine (office)","Irvine","CA","https://results.wilshirelawfirm.com/car-accident-lawyer/irvine/","(949) 591-8266","https://results.wilshirelawfirm.com/car-accident-lawyer/irvine/?kw={keyword}"
"injury","Car Accident","Orange County","Irvine","Santa Ana","CA","https://results.wilshirelawfirm.com/car-accident-lawyer/santa-ana/","(949) 591-8266","https://results.wilshirelawfirm.com/car-accident-lawyer/santa-ana/?kw={keyword}"
"injury","Car Accident","Orange County","Irvine","Huntington Beach","CA","https://results.wilshirelawfirm.com/car-accident-lawyer/huntington-beach/","(949) 591-8266","https://results.wilshirelawfirm.com/car-accident-lawyer/huntington-beach/?kw={keyword}"
"injury","Car Accident","Orange County","Irvine","Costa Mesa","CA","https://results.wilshirelawfirm.com/car-accident-lawyer/costa-mesa/","(949) 591-8266","https://results.wilshirelawfirm.com/car-accident-lawyer/costa-mesa/?kw={keyword}"
"injury","Car Accident","Orange County","Irvine","Newport Beach","CA","https://results.wilshirelawfirm.com/car-accident-lawyer/newport-beach/","(949) 591-8266","https://results.wilshirelawfirm.com/car-accident-lawyer/newport-beach/?kw={keyword}"
"injury","Car Accident","Orange County","Irvine","Mission Viejo","CA","https://results.wilshirelawfirm.com/car-accident-lawyer/mission-viejo/","(949) 591-8266","https://results.wilshirelawfirm.com/car-accident-lawyer/mission-viejo/?kw={keyword}"
"injury","Car Accident","Orange County","Irvine","Lake Forest","CA","https://results.wilshirelawfirm.com/car-accident-lawyer/lake-forest/","(949) 591-8266","https://results.wilshirelawfirm.com/car-accident-lawyer/lake-forest/?kw={keyword}"
"injury","Car Accident","Orange County","Irvine","Tustin","CA","https://results.wilshirelawfirm.com/car-accident-lawyer/tustin/","(949) 591-8266","https://results.wilshirelawfirm.com/car-accident-lawyer/tustin/?kw={keyword}"
"injury","Car Accident","Orange County","Orange (office)","Orange","CA","https://results.wilshirelawfirm.com/car-accident-lawyer/orange/","(714) 386-1747","https://results.wilshirelawfirm.com/car-accident-lawyer/orange/?kw={keyword}"
"injury","Car Accident","Orange County","Orange","Anaheim","CA","https://results.wilshirelawfirm.com/car-accident-lawyer/anaheim/","(714) 386-1747","https://results.wilshirelawfirm.com/car-accident-lawyer/anaheim/?kw={keyword}"
"injury","Car Accident","Orange County","Orange","Garden Grove","CA","https://results.wilshirelawfirm.com/car-accident-lawyer/garden-grove/","(714) 386-1747","https://results.wilshirelawfirm.com/car-accident-lawyer/garden-grove/?kw={keyword}"
"injury","Car Accident","Orange County","Orange","Fullerton","CA","https://results.wilshirelawfirm.com/car-accident-lawyer/fullerton/","(714) 386-1747","https://results.wilshirelawfirm.com/car-accident-lawyer/fullerton/?kw={keyword}"
"injury","Car Accident","Orange County","Orange","Westminster","CA","https://results.wilshirelawfirm.com/car-accident-lawyer/westminster/","(714) 386-1747","https://results.wilshirelawfirm.com/car-accident-lawyer/westminster/?kw={keyword}"
"injury","Car Accident","Inland Empire","Riverside (office)","Riverside","CA","https://results.wilshirelawfirm.com/car-accident-lawyer/riverside/","(951) 557-6087","https://results.wilshirelawfirm.com/car-accident-lawyer/riverside/?kw={keyword}"
"injury","Car Accident","Inland Empire","Riverside","Moreno Valley","CA","https://results.wilshirelawfirm.com/car-accident-lawyer/moreno-valley/","(951) 557-6087","https://results.wilshirelawfirm.com/car-accident-lawyer/moreno-valley/?kw={keyword}"
"injury","Car Accident","Inland Empire","Riverside","Corona","CA","https://results.wilshirelawfirm.com/car-accident-lawyer/corona/","(951) 557-6087","https://results.wilshirelawfirm.com/car-accident-lawyer/corona/?kw={keyword}"
"injury","Car Accident","Inland Empire","Riverside","Temecula","CA","https://results.wilshirelawfirm.com/car-accident-lawyer/temecula/","(951) 557-6087","https://results.wilshirelawfirm.com/car-accident-lawyer/temecula/?kw={keyword}"
"injury","Car Accident","Inland Empire","Riverside","Murrieta","CA","https://results.wilshirelawfirm.com/car-accident-lawyer/murrieta/","(951) 557-6087","https://results.wilshirelawfirm.com/car-accident-lawyer/murrieta/?kw={keyword}"
"injury","Car Accident","Inland Empire","Riverside","Hemet","CA","https://results.wilshirelawfirm.com/car-accident-lawyer/hemet/","(951) 557-6087","https://results.wilshirelawfirm.com/car-accident-lawyer/hemet/?kw={keyword}"
"injury","Car Accident","Inland Empire","Ontario (office)","Ontario","CA","https://results.wilshirelawfirm.com/car-accident-lawyer/ontario/","(800) 522-7274","https://results.wilshirelawfirm.com/car-accident-lawyer/ontario/?kw={keyword}"
"injury","Car Accident","Inland Empire","Ontario","San Bernardino","CA","https://results.wilshirelawfirm.com/car-accident-lawyer/san-bernardino/","(800) 522-7274","https://results.wilshirelawfirm.com/car-accident-lawyer/san-bernardino/?kw={keyword}"
"injury","Car Accident","Inland Empire","Ontario","Fontana","CA","https://results.wilshirelawfirm.com/car-accident-lawyer/fontana/","(800) 522-7274","https://results.wilshirelawfirm.com/car-accident-lawyer/fontana/?kw={keyword}"
"injury","Car Accident","Inland Empire","Ontario","Rancho Cucamonga","CA","https://results.wilshirelawfirm.com/car-accident-lawyer/rancho-cucamonga/","(800) 522-7274","https://results.wilshirelawfirm.com/car-accident-lawyer/rancho-cucamonga/?kw={keyword}"
"injury","Car Accident","Inland Empire","Ontario","Pomona","CA","https://results.wilshirelawfirm.com/car-accident-lawyer/pomona/","(800) 522-7274","https://results.wilshirelawfirm.com/car-accident-lawyer/pomona/?kw={keyword}"
"injury","Car Accident","Inland Empire","Ontario","Chino","CA","https://results.wilshirelawfirm.com/car-accident-lawyer/chino/","(800) 522-7274","https://results.wilshirelawfirm.com/car-accident-lawyer/chino/?kw={keyword}"
"injury","Car Accident","Inland Empire","Ontario","Rialto","CA","https://results.wilshirelawfirm.com/car-accident-lawyer/rialto/","(800) 522-7274","https://results.wilshirelawfirm.com/car-accident-lawyer/rialto/?kw={keyword}"
"injury","Car Accident","San Diego","San Diego (office)","San Diego","CA","https://results.wilshirelawfirm.com/car-accident-lawyer/san-diego/","(619) 257-2818","https://results.wilshirelawfirm.com/car-accident-lawyer/san-diego/?kw={keyword}"
"injury","Car Accident","San Diego","San Diego","Chula Vista","CA","https://results.wilshirelawfirm.com/car-accident-lawyer/chula-vista/","(619) 257-2818","https://results.wilshirelawfirm.com/car-accident-lawyer/chula-vista/?kw={keyword}"
"injury","Car Accident","San Diego","San Diego","Oceanside","CA","https://results.wilshirelawfirm.com/car-accident-lawyer/oceanside/","(619) 257-2818","https://results.wilshirelawfirm.com/car-accident-lawyer/oceanside/?kw={keyword}"
"injury","Car Accident","San Diego","San Diego","Escondido","CA","https://results.wilshirelawfirm.com/car-accident-lawyer/escondido/","(619) 257-2818","https://results.wilshirelawfirm.com/car-accident-lawyer/escondido/?kw={keyword}"
"injury","Car Accident","San Diego","San Diego","El Cajon","CA","https://results.wilshirelawfirm.com/car-accident-lawyer/el-cajon/","(619) 257-2818","https://results.wilshirelawfirm.com/car-accident-lawyer/el-cajon/?kw={keyword}"
"injury","Car Accident","San Diego","San Diego","Carlsbad","CA","https://results.wilshirelawfirm.com/car-accident-lawyer/carlsbad/","(619) 257-2818","https://results.wilshirelawfirm.com/car-accident-lawyer/carlsbad/?kw={keyword}"
"injury","Car Accident","San Diego","San Diego","National City","CA","https://results.wilshirelawfirm.com/car-accident-lawyer/national-city/","(619) 257-2818","https://results.wilshirelawfirm.com/car-accident-lawyer/national-city/?kw={keyword}"
"injury","Car Accident","Central Valley","Bakersfield (office)","Bakersfield","CA","https://results.wilshirelawfirm.com/car-accident-lawyer/bakersfield/","(800) 522-7274","https://results.wilshirelawfirm.com/car-accident-lawyer/bakersfield/?kw={keyword}"
"injury","Car Accident","Central Valley","Bakersfield","Delano","CA","https://results.wilshirelawfirm.com/car-accident-lawyer/delano/","(800) 522-7274","https://results.wilshirelawfirm.com/car-accident-lawyer/delano/?kw={keyword}"
"injury","Car Accident","Central Valley","Fresno (office)","Fresno","CA","https://results.wilshirelawfirm.com/car-accident-lawyer/fresno/","(800) 522-7274","https://results.wilshirelawfirm.com/car-accident-lawyer/fresno/?kw={keyword}"
"injury","Car Accident","Central Valley","Fresno","Clovis","CA","https://results.wilshirelawfirm.com/car-accident-lawyer/clovis/","(800) 522-7274","https://results.wilshirelawfirm.com/car-accident-lawyer/clovis/?kw={keyword}"
"injury","Car Accident","Central Valley","Fresno","Visalia","CA","https://results.wilshirelawfirm.com/car-accident-lawyer/visalia/","(800) 522-7274","https://results.wilshirelawfirm.com/car-accident-lawyer/visalia/?kw={keyword}"
"injury","Car Accident","Central Valley","Fresno","Madera","CA","https://results.wilshirelawfirm.com/car-accident-lawyer/madera/","(800) 522-7274","https://results.wilshirelawfirm.com/car-accident-lawyer/madera/?kw={keyword}"
"injury","Car Accident","Central Valley","Modesto (office)","Modesto","CA","https://results.wilshirelawfirm.com/car-accident-lawyer/modesto/","(800) 522-7274","https://results.wilshirelawfirm.com/car-accident-lawyer/modesto/?kw={keyword}"
"injury","Car Accident","Central Valley","Modesto","Stockton","CA","https://results.wilshirelawfirm.com/car-accident-lawyer/stockton/","(800) 522-7274","https://results.wilshirelawfirm.com/car-accident-lawyer/stockton/?kw={keyword}"
"injury","Car Accident","Central Valley","Modesto","Turlock","CA","https://results.wilshirelawfirm.com/car-accident-lawyer/turlock/","(800) 522-7274","https://results.wilshirelawfirm.com/car-accident-lawyer/turlock/?kw={keyword}"
"injury","Car Accident","Central Valley","Modesto","Merced","CA","https://results.wilshirelawfirm.com/car-accident-lawyer/merced/","(800) 522-7274","https://results.wilshirelawfirm.com/car-accident-lawyer/merced/?kw={keyword}"
"injury","Car Accident","Sacramento & Northern California","Sacramento (office)","Sacramento","CA","https://results.wilshirelawfirm.com/car-accident-lawyer/sacramento/","(916) 957-0598","https://results.wilshirelawfirm.com/car-accident-lawyer/sacramento/?kw={keyword}"
"injury","Car Accident","Sacramento & Northern California","Sacramento","Elk Grove","CA","https://results.wilshirelawfirm.com/car-accident-lawyer/elk-grove/","(916) 957-0598","https://results.wilshirelawfirm.com/car-accident-lawyer/elk-grove/?kw={keyword}"
"injury","Car Accident","Sacramento & Northern California","Sacramento","Roseville","CA","https://results.wilshirelawfirm.com/car-accident-lawyer/roseville/","(916) 957-0598","https://results.wilshirelawfirm.com/car-accident-lawyer/roseville/?kw={keyword}"
"injury","Car Accident","Sacramento & Northern California","Sacramento","Folsom","CA","https://results.wilshirelawfirm.com/car-accident-lawyer/folsom/","(916) 957-0598","https://results.wilshirelawfirm.com/car-accident-lawyer/folsom/?kw={keyword}"
"injury","Car Accident","Bay Area","Oakland (office)","Oakland","CA","https://results.wilshirelawfirm.com/car-accident-lawyer/oakland/","(510) 391-4877","https://results.wilshirelawfirm.com/car-accident-lawyer/oakland/?kw={keyword}"
"injury","Car Accident","Bay Area","Oakland","Berkeley","CA","https://results.wilshirelawfirm.com/car-accident-lawyer/berkeley/","(510) 391-4877","https://results.wilshirelawfirm.com/car-accident-lawyer/berkeley/?kw={keyword}"
"injury","Car Accident","Bay Area","Oakland","Hayward","CA","https://results.wilshirelawfirm.com/car-accident-lawyer/hayward/","(510) 391-4877","https://results.wilshirelawfirm.com/car-accident-lawyer/hayward/?kw={keyword}"
"injury","Car Accident","Bay Area","Oakland","Fremont","CA","https://results.wilshirelawfirm.com/car-accident-lawyer/fremont/","(510) 391-4877","https://results.wilshirelawfirm.com/car-accident-lawyer/fremont/?kw={keyword}"
"injury","Car Accident","Bay Area","Oakland","Richmond","CA","https://results.wilshirelawfirm.com/car-accident-lawyer/richmond/","(510) 391-4877","https://results.wilshirelawfirm.com/car-accident-lawyer/richmond/?kw={keyword}"
"injury","Car Accident","Bay Area","Oakland","Concord","CA","https://results.wilshirelawfirm.com/car-accident-lawyer/concord/","(510) 391-4877","https://results.wilshirelawfirm.com/car-accident-lawyer/concord/?kw={keyword}"
"injury","Car Accident","Bay Area","San Francisco (office)","San Francisco","CA","https://results.wilshirelawfirm.com/car-accident-lawyer/san-francisco/","(628) 895-2682","https://results.wilshirelawfirm.com/car-accident-lawyer/san-francisco/?kw={keyword}"
"injury","Car Accident","Bay Area","San Francisco","San Jose","CA","https://results.wilshirelawfirm.com/car-accident-lawyer/san-jose/","(628) 895-2682","https://results.wilshirelawfirm.com/car-accident-lawyer/san-jose/?kw={keyword}"
"injury","Car Accident","Bay Area","San Francisco","Daly City","CA","https://results.wilshirelawfirm.com/car-accident-lawyer/daly-city/","(628) 895-2682","https://results.wilshirelawfirm.com/car-accident-lawyer/daly-city/?kw={keyword}"
"injury","Car Accident","Bay Area","San Francisco","San Mateo","CA","https://results.wilshirelawfirm.com/car-accident-lawyer/san-mateo/","(628) 895-2682","https://results.wilshirelawfirm.com/car-accident-lawyer/san-mateo/?kw={keyword}"
"injury","Car Accident","Ventura & Central Coast","Oxnard (office)","Oxnard","CA","https://results.wilshirelawfirm.com/car-accident-lawyer/oxnard/","(800) 891-1876","https://results.wilshirelawfirm.com/car-accident-lawyer/oxnard/?kw={keyword}"
"injury","Car Accident","Ventura & Central Coast","Oxnard","Ventura","CA","https://results.wilshirelawfirm.com/car-accident-lawyer/ventura/","(800) 891-1876","https://results.wilshirelawfirm.com/car-accident-lawyer/ventura/?kw={keyword}"
"injury","Car Accident","Ventura & Central Coast","Oxnard","Thousand Oaks","CA","https://results.wilshirelawfirm.com/car-accident-lawyer/thousand-oaks/","(800) 891-1876","https://results.wilshirelawfirm.com/car-accident-lawyer/thousand-oaks/?kw={keyword}"
"injury","Car Accident","Ventura & Central Coast","Oxnard","Simi Valley","CA","https://results.wilshirelawfirm.com/car-accident-lawyer/simi-valley/","(800) 891-1876","https://results.wilshirelawfirm.com/car-accident-lawyer/simi-valley/?kw={keyword}"
"injury","Car Accident","Ventura & Central Coast","Oxnard","Santa Barbara","CA","https://results.wilshirelawfirm.com/car-accident-lawyer/santa-barbara/","(800) 891-1876","https://results.wilshirelawfirm.com/car-accident-lawyer/santa-barbara/?kw={keyword}"
"injury","Car Accident","Nevada","Las Vegas (office)","Las Vegas","NV","https://results.wilshirelawfirm.com/car-accident-lawyer/las-vegas/","(800) 522-7274","https://results.wilshirelawfirm.com/car-accident-lawyer/las-vegas/?kw={keyword}"
"injury","Car Accident","Nevada","Las Vegas","Henderson","NV","https://results.wilshirelawfirm.com/car-accident-lawyer/henderson/","(800) 522-7274","https://results.wilshirelawfirm.com/car-accident-lawyer/henderson/?kw={keyword}"
"injury","Car Accident","Nevada","Las Vegas","North Las Vegas","NV","https://results.wilshirelawfirm.com/car-accident-lawyer/north-las-vegas/","(800) 522-7274","https://results.wilshirelawfirm.com/car-accident-lawyer/north-las-vegas/?kw={keyword}"
"injury","Car Accident","Nevada","Las Vegas","Summerlin","NV","https://results.wilshirelawfirm.com/car-accident-lawyer/summerlin/","(800) 522-7274","https://results.wilshirelawfirm.com/car-accident-lawyer/summerlin/?kw={keyword}"
"injury","Truck Accident","Statewide","—","California","CA","https://results.wilshirelawfirm.com/truck-accident-lawyer/","(800) 522-7274","https://results.wilshirelawfirm.com/truck-accident-lawyer/?kw={keyword}"
"injury","Truck Accident","Statewide","—","Nevada","NV","https://results.wilshirelawfirm.com/truck-accident-lawyer/nevada/","(800) 522-7274","https://results.wilshirelawfirm.com/truck-accident-lawyer/nevada/?kw={keyword}"
"injury","Truck Accident","Los Angeles","Los Angeles (office)","Los Angeles","CA","https://results.wilshirelawfirm.com/truck-accident-lawyer/los-angeles/","(213) 329-7576","https://results.wilshirelawfirm.com/truck-accident-lawyer/los-angeles/?kw={keyword}"
"injury","Truck Accident","Los Angeles","Los Angeles","Downtown Los Angeles","CA","https://results.wilshirelawfirm.com/truck-accident-lawyer/downtown-los-angeles/","(213) 329-7576","https://results.wilshirelawfirm.com/truck-accident-lawyer/downtown-los-angeles/?kw={keyword}"
"injury","Truck Accident","Los Angeles","Los Angeles","Hollywood","CA","https://results.wilshirelawfirm.com/truck-accident-lawyer/hollywood/","(213) 329-7576","https://results.wilshirelawfirm.com/truck-accident-lawyer/hollywood/?kw={keyword}"
"injury","Truck Accident","Los Angeles","Los Angeles","Glendale","CA","https://results.wilshirelawfirm.com/truck-accident-lawyer/glendale/","(213) 329-7576","https://results.wilshirelawfirm.com/truck-accident-lawyer/glendale/?kw={keyword}"
"injury","Truck Accident","Los Angeles","Los Angeles","Pasadena","CA","https://results.wilshirelawfirm.com/truck-accident-lawyer/pasadena/","(213) 329-7576","https://results.wilshirelawfirm.com/truck-accident-lawyer/pasadena/?kw={keyword}"
"injury","Truck Accident","Los Angeles","Los Angeles","Burbank","CA","https://results.wilshirelawfirm.com/truck-accident-lawyer/burbank/","(213) 329-7576","https://results.wilshirelawfirm.com/truck-accident-lawyer/burbank/?kw={keyword}"
"injury","Truck Accident","Los Angeles","Los Angeles","Santa Monica","CA","https://results.wilshirelawfirm.com/truck-accident-lawyer/santa-monica/","(213) 329-7576","https://results.wilshirelawfirm.com/truck-accident-lawyer/santa-monica/?kw={keyword}"
"injury","Truck Accident","Los Angeles","Los Angeles","Inglewood","CA","https://results.wilshirelawfirm.com/truck-accident-lawyer/inglewood/","(213) 329-7576","https://results.wilshirelawfirm.com/truck-accident-lawyer/inglewood/?kw={keyword}"
"injury","Truck Accident","Los Angeles","Los Angeles","Van Nuys","CA","https://results.wilshirelawfirm.com/truck-accident-lawyer/van-nuys/","(213) 329-7576","https://results.wilshirelawfirm.com/truck-accident-lawyer/van-nuys/?kw={keyword}"
"injury","Truck Accident","Los Angeles","Los Angeles","East Los Angeles","CA","https://results.wilshirelawfirm.com/truck-accident-lawyer/east-los-angeles/","(213) 329-7576","https://results.wilshirelawfirm.com/truck-accident-lawyer/east-los-angeles/?kw={keyword}"
"injury","Truck Accident","Los Angeles","Los Angeles","Koreatown","CA","https://results.wilshirelawfirm.com/truck-accident-lawyer/koreatown/","(213) 329-7576","https://results.wilshirelawfirm.com/truck-accident-lawyer/koreatown/?kw={keyword}"
"injury","Truck Accident","Los Angeles","Los Angeles","Compton","CA","https://results.wilshirelawfirm.com/truck-accident-lawyer/compton/","(213) 329-7576","https://results.wilshirelawfirm.com/truck-accident-lawyer/compton/?kw={keyword}"
"injury","Truck Accident","Los Angeles","Los Angeles","Whittier","CA","https://results.wilshirelawfirm.com/truck-accident-lawyer/whittier/","(213) 329-7576","https://results.wilshirelawfirm.com/truck-accident-lawyer/whittier/?kw={keyword}"
"injury","Truck Accident","Los Angeles","Beverly Hills (office)","Beverly Hills","CA","https://results.wilshirelawfirm.com/truck-accident-lawyer/beverly-hills/","(310) 879-1030","https://results.wilshirelawfirm.com/truck-accident-lawyer/beverly-hills/?kw={keyword}"
"injury","Truck Accident","Los Angeles","Beverly Hills","West Hollywood","CA","https://results.wilshirelawfirm.com/truck-accident-lawyer/west-hollywood/","(310) 879-1030","https://results.wilshirelawfirm.com/truck-accident-lawyer/west-hollywood/?kw={keyword}"
"injury","Truck Accident","Los Angeles","Beverly Hills","Culver City","CA","https://results.wilshirelawfirm.com/truck-accident-lawyer/culver-city/","(310) 879-1030","https://results.wilshirelawfirm.com/truck-accident-lawyer/culver-city/?kw={keyword}"
"injury","Truck Accident","Los Angeles","Beverly Hills","Westwood","CA","https://results.wilshirelawfirm.com/truck-accident-lawyer/westwood/","(310) 879-1030","https://results.wilshirelawfirm.com/truck-accident-lawyer/westwood/?kw={keyword}"
"injury","Truck Accident","Los Angeles","Beverly Hills","Sherman Oaks","CA","https://results.wilshirelawfirm.com/truck-accident-lawyer/sherman-oaks/","(310) 879-1030","https://results.wilshirelawfirm.com/truck-accident-lawyer/sherman-oaks/?kw={keyword}"
"injury","Truck Accident","Los Angeles","Torrance (office)","Torrance","CA","https://results.wilshirelawfirm.com/truck-accident-lawyer/torrance/","(310) 307-3316","https://results.wilshirelawfirm.com/truck-accident-lawyer/torrance/?kw={keyword}"
"injury","Truck Accident","Los Angeles","Torrance","Carson","CA","https://results.wilshirelawfirm.com/truck-accident-lawyer/carson/","(310) 307-3316","https://results.wilshirelawfirm.com/truck-accident-lawyer/carson/?kw={keyword}"
"injury","Truck Accident","Los Angeles","Torrance","Gardena","CA","https://results.wilshirelawfirm.com/truck-accident-lawyer/gardena/","(310) 307-3316","https://results.wilshirelawfirm.com/truck-accident-lawyer/gardena/?kw={keyword}"
"injury","Truck Accident","Los Angeles","Torrance","Redondo Beach","CA","https://results.wilshirelawfirm.com/truck-accident-lawyer/redondo-beach/","(310) 307-3316","https://results.wilshirelawfirm.com/truck-accident-lawyer/redondo-beach/?kw={keyword}"
"injury","Truck Accident","Los Angeles","Torrance","Hawthorne","CA","https://results.wilshirelawfirm.com/truck-accident-lawyer/hawthorne/","(310) 307-3316","https://results.wilshirelawfirm.com/truck-accident-lawyer/hawthorne/?kw={keyword}"
"injury","Truck Accident","Los Angeles","Torrance","San Pedro","CA","https://results.wilshirelawfirm.com/truck-accident-lawyer/san-pedro/","(310) 307-3316","https://results.wilshirelawfirm.com/truck-accident-lawyer/san-pedro/?kw={keyword}"
"injury","Truck Accident","Los Angeles","Long Beach (office)","Long Beach","CA","https://results.wilshirelawfirm.com/truck-accident-lawyer/long-beach/","(800) 522-7274","https://results.wilshirelawfirm.com/truck-accident-lawyer/long-beach/?kw={keyword}"
"injury","Truck Accident","Los Angeles","Long Beach","Lakewood","CA","https://results.wilshirelawfirm.com/truck-accident-lawyer/lakewood/","(800) 522-7274","https://results.wilshirelawfirm.com/truck-accident-lawyer/lakewood/?kw={keyword}"
"injury","Truck Accident","Los Angeles","Long Beach","Downey","CA","https://results.wilshirelawfirm.com/truck-accident-lawyer/downey/","(800) 522-7274","https://results.wilshirelawfirm.com/truck-accident-lawyer/downey/?kw={keyword}"
"injury","Truck Accident","Los Angeles","Long Beach","Norwalk","CA","https://results.wilshirelawfirm.com/truck-accident-lawyer/norwalk/","(800) 522-7274","https://results.wilshirelawfirm.com/truck-accident-lawyer/norwalk/?kw={keyword}"
"injury","Truck Accident","Los Angeles","Long Beach","Bellflower","CA","https://results.wilshirelawfirm.com/truck-accident-lawyer/bellflower/","(800) 522-7274","https://results.wilshirelawfirm.com/truck-accident-lawyer/bellflower/?kw={keyword}"
"injury","Truck Accident","Los Angeles","Palmdale (office)","Palmdale","CA","https://results.wilshirelawfirm.com/truck-accident-lawyer/palmdale/","(800) 891-1876","https://results.wilshirelawfirm.com/truck-accident-lawyer/palmdale/?kw={keyword}"
"injury","Truck Accident","Los Angeles","Palmdale","Santa Clarita","CA","https://results.wilshirelawfirm.com/truck-accident-lawyer/santa-clarita/","(800) 891-1876","https://results.wilshirelawfirm.com/truck-accident-lawyer/santa-clarita/?kw={keyword}"
"injury","Truck Accident","Los Angeles","Palmdale","Victorville","CA","https://results.wilshirelawfirm.com/truck-accident-lawyer/victorville/","(800) 891-1876","https://results.wilshirelawfirm.com/truck-accident-lawyer/victorville/?kw={keyword}"
"injury","Truck Accident","Los Angeles","Lancaster (office)","Lancaster","CA","https://results.wilshirelawfirm.com/truck-accident-lawyer/lancaster/","(800) 891-1876","https://results.wilshirelawfirm.com/truck-accident-lawyer/lancaster/?kw={keyword}"
"injury","Truck Accident","Los Angeles","Lancaster","Antelope Valley","CA","https://results.wilshirelawfirm.com/truck-accident-lawyer/antelope-valley/","(800) 891-1876","https://results.wilshirelawfirm.com/truck-accident-lawyer/antelope-valley/?kw={keyword}"
"injury","Truck Accident","Orange County","Irvine (office)","Irvine","CA","https://results.wilshirelawfirm.com/truck-accident-lawyer/irvine/","(949) 591-8266","https://results.wilshirelawfirm.com/truck-accident-lawyer/irvine/?kw={keyword}"
"injury","Truck Accident","Orange County","Irvine","Santa Ana","CA","https://results.wilshirelawfirm.com/truck-accident-lawyer/santa-ana/","(949) 591-8266","https://results.wilshirelawfirm.com/truck-accident-lawyer/santa-ana/?kw={keyword}"
"injury","Truck Accident","Orange County","Irvine","Huntington Beach","CA","https://results.wilshirelawfirm.com/truck-accident-lawyer/huntington-beach/","(949) 591-8266","https://results.wilshirelawfirm.com/truck-accident-lawyer/huntington-beach/?kw={keyword}"
"injury","Truck Accident","Orange County","Irvine","Costa Mesa","CA","https://results.wilshirelawfirm.com/truck-accident-lawyer/costa-mesa/","(949) 591-8266","https://results.wilshirelawfirm.com/truck-accident-lawyer/costa-mesa/?kw={keyword}"
"injury","Truck Accident","Orange County","Irvine","Newport Beach","CA","https://results.wilshirelawfirm.com/truck-accident-lawyer/newport-beach/","(949) 591-8266","https://results.wilshirelawfirm.com/truck-accident-lawyer/newport-beach/?kw={keyword}"
"injury","Truck Accident","Orange County","Irvine","Mission Viejo","CA","https://results.wilshirelawfirm.com/truck-accident-lawyer/mission-viejo/","(949) 591-8266","https://results.wilshirelawfirm.com/truck-accident-lawyer/mission-viejo/?kw={keyword}"
"injury","Truck Accident","Orange County","Irvine","Lake Forest","CA","https://results.wilshirelawfirm.com/truck-accident-lawyer/lake-forest/","(949) 591-8266","https://results.wilshirelawfirm.com/truck-accident-lawyer/lake-forest/?kw={keyword}"
"injury","Truck Accident","Orange County","Irvine","Tustin","CA","https://results.wilshirelawfirm.com/truck-accident-lawyer/tustin/","(949) 591-8266","https://results.wilshirelawfirm.com/truck-accident-lawyer/tustin/?kw={keyword}"
"injury","Truck Accident","Orange County","Orange (office)","Orange","CA","https://results.wilshirelawfirm.com/truck-accident-lawyer/orange/","(714) 386-1747","https://results.wilshirelawfirm.com/truck-accident-lawyer/orange/?kw={keyword}"
"injury","Truck Accident","Orange County","Orange","Anaheim","CA","https://results.wilshirelawfirm.com/truck-accident-lawyer/anaheim/","(714) 386-1747","https://results.wilshirelawfirm.com/truck-accident-lawyer/anaheim/?kw={keyword}"
"injury","Truck Accident","Orange County","Orange","Garden Grove","CA","https://results.wilshirelawfirm.com/truck-accident-lawyer/garden-grove/","(714) 386-1747","https://results.wilshirelawfirm.com/truck-accident-lawyer/garden-grove/?kw={keyword}"
"injury","Truck Accident","Orange County","Orange","Fullerton","CA","https://results.wilshirelawfirm.com/truck-accident-lawyer/fullerton/","(714) 386-1747","https://results.wilshirelawfirm.com/truck-accident-lawyer/fullerton/?kw={keyword}"
"injury","Truck Accident","Orange County","Orange","Westminster","CA","https://results.wilshirelawfirm.com/truck-accident-lawyer/westminster/","(714) 386-1747","https://results.wilshirelawfirm.com/truck-accident-lawyer/westminster/?kw={keyword}"
"injury","Truck Accident","Inland Empire","Riverside (office)","Riverside","CA","https://results.wilshirelawfirm.com/truck-accident-lawyer/riverside/","(951) 557-6087","https://results.wilshirelawfirm.com/truck-accident-lawyer/riverside/?kw={keyword}"
"injury","Truck Accident","Inland Empire","Riverside","Moreno Valley","CA","https://results.wilshirelawfirm.com/truck-accident-lawyer/moreno-valley/","(951) 557-6087","https://results.wilshirelawfirm.com/truck-accident-lawyer/moreno-valley/?kw={keyword}"
"injury","Truck Accident","Inland Empire","Riverside","Corona","CA","https://results.wilshirelawfirm.com/truck-accident-lawyer/corona/","(951) 557-6087","https://results.wilshirelawfirm.com/truck-accident-lawyer/corona/?kw={keyword}"
"injury","Truck Accident","Inland Empire","Riverside","Temecula","CA","https://results.wilshirelawfirm.com/truck-accident-lawyer/temecula/","(951) 557-6087","https://results.wilshirelawfirm.com/truck-accident-lawyer/temecula/?kw={keyword}"
"injury","Truck Accident","Inland Empire","Riverside","Murrieta","CA","https://results.wilshirelawfirm.com/truck-accident-lawyer/murrieta/","(951) 557-6087","https://results.wilshirelawfirm.com/truck-accident-lawyer/murrieta/?kw={keyword}"
"injury","Truck Accident","Inland Empire","Riverside","Hemet","CA","https://results.wilshirelawfirm.com/truck-accident-lawyer/hemet/","(951) 557-6087","https://results.wilshirelawfirm.com/truck-accident-lawyer/hemet/?kw={keyword}"
"injury","Truck Accident","Inland Empire","Ontario (office)","Ontario","CA","https://results.wilshirelawfirm.com/truck-accident-lawyer/ontario/","(800) 522-7274","https://results.wilshirelawfirm.com/truck-accident-lawyer/ontario/?kw={keyword}"
"injury","Truck Accident","Inland Empire","Ontario","San Bernardino","CA","https://results.wilshirelawfirm.com/truck-accident-lawyer/san-bernardino/","(800) 522-7274","https://results.wilshirelawfirm.com/truck-accident-lawyer/san-bernardino/?kw={keyword}"
"injury","Truck Accident","Inland Empire","Ontario","Fontana","CA","https://results.wilshirelawfirm.com/truck-accident-lawyer/fontana/","(800) 522-7274","https://results.wilshirelawfirm.com/truck-accident-lawyer/fontana/?kw={keyword}"
"injury","Truck Accident","Inland Empire","Ontario","Rancho Cucamonga","CA","https://results.wilshirelawfirm.com/truck-accident-lawyer/rancho-cucamonga/","(800) 522-7274","https://results.wilshirelawfirm.com/truck-accident-lawyer/rancho-cucamonga/?kw={keyword}"
"injury","Truck Accident","Inland Empire","Ontario","Pomona","CA","https://results.wilshirelawfirm.com/truck-accident-lawyer/pomona/","(800) 522-7274","https://results.wilshirelawfirm.com/truck-accident-lawyer/pomona/?kw={keyword}"
"injury","Truck Accident","Inland Empire","Ontario","Chino","CA","https://results.wilshirelawfirm.com/truck-accident-lawyer/chino/","(800) 522-7274","https://results.wilshirelawfirm.com/truck-accident-lawyer/chino/?kw={keyword}"
"injury","Truck Accident","Inland Empire","Ontario","Rialto","CA","https://results.wilshirelawfirm.com/truck-accident-lawyer/rialto/","(800) 522-7274","https://results.wilshirelawfirm.com/truck-accident-lawyer/rialto/?kw={keyword}"
"injury","Truck Accident","San Diego","San Diego (office)","San Diego","CA","https://results.wilshirelawfirm.com/truck-accident-lawyer/san-diego/","(619) 257-2818","https://results.wilshirelawfirm.com/truck-accident-lawyer/san-diego/?kw={keyword}"
"injury","Truck Accident","San Diego","San Diego","Chula Vista","CA","https://results.wilshirelawfirm.com/truck-accident-lawyer/chula-vista/","(619) 257-2818","https://results.wilshirelawfirm.com/truck-accident-lawyer/chula-vista/?kw={keyword}"
"injury","Truck Accident","San Diego","San Diego","Oceanside","CA","https://results.wilshirelawfirm.com/truck-accident-lawyer/oceanside/","(619) 257-2818","https://results.wilshirelawfirm.com/truck-accident-lawyer/oceanside/?kw={keyword}"
"injury","Truck Accident","San Diego","San Diego","Escondido","CA","https://results.wilshirelawfirm.com/truck-accident-lawyer/escondido/","(619) 257-2818","https://results.wilshirelawfirm.com/truck-accident-lawyer/escondido/?kw={keyword}"
"injury","Truck Accident","San Diego","San Diego","El Cajon","CA","https://results.wilshirelawfirm.com/truck-accident-lawyer/el-cajon/","(619) 257-2818","https://results.wilshirelawfirm.com/truck-accident-lawyer/el-cajon/?kw={keyword}"
"injury","Truck Accident","San Diego","San Diego","Carlsbad","CA","https://results.wilshirelawfirm.com/truck-accident-lawyer/carlsbad/","(619) 257-2818","https://results.wilshirelawfirm.com/truck-accident-lawyer/carlsbad/?kw={keyword}"
"injury","Truck Accident","San Diego","San Diego","National City","CA","https://results.wilshirelawfirm.com/truck-accident-lawyer/national-city/","(619) 257-2818","https://results.wilshirelawfirm.com/truck-accident-lawyer/national-city/?kw={keyword}"
"injury","Truck Accident","Central Valley","Bakersfield (office)","Bakersfield","CA","https://results.wilshirelawfirm.com/truck-accident-lawyer/bakersfield/","(800) 522-7274","https://results.wilshirelawfirm.com/truck-accident-lawyer/bakersfield/?kw={keyword}"
"injury","Truck Accident","Central Valley","Bakersfield","Delano","CA","https://results.wilshirelawfirm.com/truck-accident-lawyer/delano/","(800) 522-7274","https://results.wilshirelawfirm.com/truck-accident-lawyer/delano/?kw={keyword}"
"injury","Truck Accident","Central Valley","Fresno (office)","Fresno","CA","https://results.wilshirelawfirm.com/truck-accident-lawyer/fresno/","(800) 522-7274","https://results.wilshirelawfirm.com/truck-accident-lawyer/fresno/?kw={keyword}"
"injury","Truck Accident","Central Valley","Fresno","Clovis","CA","https://results.wilshirelawfirm.com/truck-accident-lawyer/clovis/","(800) 522-7274","https://results.wilshirelawfirm.com/truck-accident-lawyer/clovis/?kw={keyword}"
"injury","Truck Accident","Central Valley","Fresno","Visalia","CA","https://results.wilshirelawfirm.com/truck-accident-lawyer/visalia/","(800) 522-7274","https://results.wilshirelawfirm.com/truck-accident-lawyer/visalia/?kw={keyword}"
"injury","Truck Accident","Central Valley","Fresno","Madera","CA","https://results.wilshirelawfirm.com/truck-accident-lawyer/madera/","(800) 522-7274","https://results.wilshirelawfirm.com/truck-accident-lawyer/madera/?kw={keyword}"
"injury","Truck Accident","Central Valley","Modesto (office)","Modesto","CA","https://results.wilshirelawfirm.com/truck-accident-lawyer/modesto/","(800) 522-7274","https://results.wilshirelawfirm.com/truck-accident-lawyer/modesto/?kw={keyword}"
"injury","Truck Accident","Central Valley","Modesto","Stockton","CA","https://results.wilshirelawfirm.com/truck-accident-lawyer/stockton/","(800) 522-7274","https://results.wilshirelawfirm.com/truck-accident-lawyer/stockton/?kw={keyword}"
"injury","Truck Accident","Central Valley","Modesto","Turlock","CA","https://results.wilshirelawfirm.com/truck-accident-lawyer/turlock/","(800) 522-7274","https://results.wilshirelawfirm.com/truck-accident-lawyer/turlock/?kw={keyword}"
"injury","Truck Accident","Central Valley","Modesto","Merced","CA","https://results.wilshirelawfirm.com/truck-accident-lawyer/merced/","(800) 522-7274","https://results.wilshirelawfirm.com/truck-accident-lawyer/merced/?kw={keyword}"
"injury","Truck Accident","Sacramento & Northern California","Sacramento (office)","Sacramento","CA","https://results.wilshirelawfirm.com/truck-accident-lawyer/sacramento/","(916) 957-0598","https://results.wilshirelawfirm.com/truck-accident-lawyer/sacramento/?kw={keyword}"
"injury","Truck Accident","Sacramento & Northern California","Sacramento","Elk Grove","CA","https://results.wilshirelawfirm.com/truck-accident-lawyer/elk-grove/","(916) 957-0598","https://results.wilshirelawfirm.com/truck-accident-lawyer/elk-grove/?kw={keyword}"
"injury","Truck Accident","Sacramento & Northern California","Sacramento","Roseville","CA","https://results.wilshirelawfirm.com/truck-accident-lawyer/roseville/","(916) 957-0598","https://results.wilshirelawfirm.com/truck-accident-lawyer/roseville/?kw={keyword}"
"injury","Truck Accident","Sacramento & Northern California","Sacramento","Folsom","CA","https://results.wilshirelawfirm.com/truck-accident-lawyer/folsom/","(916) 957-0598","https://results.wilshirelawfirm.com/truck-accident-lawyer/folsom/?kw={keyword}"
"injury","Truck Accident","Bay Area","Oakland (office)","Oakland","CA","https://results.wilshirelawfirm.com/truck-accident-lawyer/oakland/","(510) 391-4877","https://results.wilshirelawfirm.com/truck-accident-lawyer/oakland/?kw={keyword}"
"injury","Truck Accident","Bay Area","Oakland","Berkeley","CA","https://results.wilshirelawfirm.com/truck-accident-lawyer/berkeley/","(510) 391-4877","https://results.wilshirelawfirm.com/truck-accident-lawyer/berkeley/?kw={keyword}"
"injury","Truck Accident","Bay Area","Oakland","Hayward","CA","https://results.wilshirelawfirm.com/truck-accident-lawyer/hayward/","(510) 391-4877","https://results.wilshirelawfirm.com/truck-accident-lawyer/hayward/?kw={keyword}"
"injury","Truck Accident","Bay Area","Oakland","Fremont","CA","https://results.wilshirelawfirm.com/truck-accident-lawyer/fremont/","(510) 391-4877","https://results.wilshirelawfirm.com/truck-accident-lawyer/fremont/?kw={keyword}"
"injury","Truck Accident","Bay Area","Oakland","Richmond","CA","https://results.wilshirelawfirm.com/truck-accident-lawyer/richmond/","(510) 391-4877","https://results.wilshirelawfirm.com/truck-accident-lawyer/richmond/?kw={keyword}"
"injury","Truck Accident","Bay Area","Oakland","Concord","CA","https://results.wilshirelawfirm.com/truck-accident-lawyer/concord/","(510) 391-4877","https://results.wilshirelawfirm.com/truck-accident-lawyer/concord/?kw={keyword}"
"injury","Truck Accident","Bay Area","San Francisco (office)","San Francisco","CA","https://results.wilshirelawfirm.com/truck-accident-lawyer/san-francisco/","(628) 895-2682","https://results.wilshirelawfirm.com/truck-accident-lawyer/san-francisco/?kw={keyword}"
"injury","Truck Accident","Bay Area","San Francisco","San Jose","CA","https://results.wilshirelawfirm.com/truck-accident-lawyer/san-jose/","(628) 895-2682","https://results.wilshirelawfirm.com/truck-accident-lawyer/san-jose/?kw={keyword}"
"injury","Truck Accident","Bay Area","San Francisco","Daly City","CA","https://results.wilshirelawfirm.com/truck-accident-lawyer/daly-city/","(628) 895-2682","https://results.wilshirelawfirm.com/truck-accident-lawyer/daly-city/?kw={keyword}"
"injury","Truck Accident","Bay Area","San Francisco","San Mateo","CA","https://results.wilshirelawfirm.com/truck-accident-lawyer/san-mateo/","(628) 895-2682","https://results.wilshirelawfirm.com/truck-accident-lawyer/san-mateo/?kw={keyword}"
"injury","Truck Accident","Ventura & Central Coast","Oxnard (office)","Oxnard","CA","https://results.wilshirelawfirm.com/truck-accident-lawyer/oxnard/","(800) 891-1876","https://results.wilshirelawfirm.com/truck-accident-lawyer/oxnard/?kw={keyword}"
"injury","Truck Accident","Ventura & Central Coast","Oxnard","Ventura","CA","https://results.wilshirelawfirm.com/truck-accident-lawyer/ventura/","(800) 891-1876","https://results.wilshirelawfirm.com/truck-accident-lawyer/ventura/?kw={keyword}"
"injury","Truck Accident","Ventura & Central Coast","Oxnard","Thousand Oaks","CA","https://results.wilshirelawfirm.com/truck-accident-lawyer/thousand-oaks/","(800) 891-1876","https://results.wilshirelawfirm.com/truck-accident-lawyer/thousand-oaks/?kw={keyword}"
"injury","Truck Accident","Ventura & Central Coast","Oxnard","Simi Valley","CA","https://results.wilshirelawfirm.com/truck-accident-lawyer/simi-valley/","(800) 891-1876","https://results.wilshirelawfirm.com/truck-accident-lawyer/simi-valley/?kw={keyword}"
"injury","Truck Accident","Ventura & Central Coast","Oxnard","Santa Barbara","CA","https://results.wilshirelawfirm.com/truck-accident-lawyer/santa-barbara/","(800) 891-1876","https://results.wilshirelawfirm.com/truck-accident-lawyer/santa-barbara/?kw={keyword}"
"injury","Truck Accident","Nevada","Las Vegas (office)","Las Vegas","NV","https://results.wilshirelawfirm.com/truck-accident-lawyer/las-vegas/","(800) 522-7274","https://results.wilshirelawfirm.com/truck-accident-lawyer/las-vegas/?kw={keyword}"
"injury","Truck Accident","Nevada","Las Vegas","Henderson","NV","https://results.wilshirelawfirm.com/truck-accident-lawyer/henderson/","(800) 522-7274","https://results.wilshirelawfirm.com/truck-accident-lawyer/henderson/?kw={keyword}"
"injury","Truck Accident","Nevada","Las Vegas","North Las Vegas","NV","https://results.wilshirelawfirm.com/truck-accident-lawyer/north-las-vegas/","(800) 522-7274","https://results.wilshirelawfirm.com/truck-accident-lawyer/north-las-vegas/?kw={keyword}"
"injury","Truck Accident","Nevada","Las Vegas","Summerlin","NV","https://results.wilshirelawfirm.com/truck-accident-lawyer/summerlin/","(800) 522-7274","https://results.wilshirelawfirm.com/truck-accident-lawyer/summerlin/?kw={keyword}"
"injury","Motorcycle Accident","Statewide","—","California","CA","https://results.wilshirelawfirm.com/motorcycle-accident-lawyer/","(800) 522-7274","https://results.wilshirelawfirm.com/motorcycle-accident-lawyer/?kw={keyword}"
"injury","Motorcycle Accident","Statewide","—","Nevada","NV","https://results.wilshirelawfirm.com/motorcycle-accident-lawyer/nevada/","(800) 522-7274","https://results.wilshirelawfirm.com/motorcycle-accident-lawyer/nevada/?kw={keyword}"
"injury","Motorcycle Accident","Los Angeles","Los Angeles (office)","Los Angeles","CA","https://results.wilshirelawfirm.com/motorcycle-accident-lawyer/los-angeles/","(213) 329-7576","https://results.wilshirelawfirm.com/motorcycle-accident-lawyer/los-angeles/?kw={keyword}"
"injury","Motorcycle Accident","Los Angeles","Los Angeles","Downtown Los Angeles","CA","https://results.wilshirelawfirm.com/motorcycle-accident-lawyer/downtown-los-angeles/","(213) 329-7576","https://results.wilshirelawfirm.com/motorcycle-accident-lawyer/downtown-los-angeles/?kw={keyword}"
"injury","Motorcycle Accident","Los Angeles","Los Angeles","Hollywood","CA","https://results.wilshirelawfirm.com/motorcycle-accident-lawyer/hollywood/","(213) 329-7576","https://results.wilshirelawfirm.com/motorcycle-accident-lawyer/hollywood/?kw={keyword}"
"injury","Motorcycle Accident","Los Angeles","Los Angeles","Glendale","CA","https://results.wilshirelawfirm.com/motorcycle-accident-lawyer/glendale/","(213) 329-7576","https://results.wilshirelawfirm.com/motorcycle-accident-lawyer/glendale/?kw={keyword}"
"injury","Motorcycle Accident","Los Angeles","Los Angeles","Pasadena","CA","https://results.wilshirelawfirm.com/motorcycle-accident-lawyer/pasadena/","(213) 329-7576","https://results.wilshirelawfirm.com/motorcycle-accident-lawyer/pasadena/?kw={keyword}"
"injury","Motorcycle Accident","Los Angeles","Los Angeles","Burbank","CA","https://results.wilshirelawfirm.com/motorcycle-accident-lawyer/burbank/","(213) 329-7576","https://results.wilshirelawfirm.com/motorcycle-accident-lawyer/burbank/?kw={keyword}"
"injury","Motorcycle Accident","Los Angeles","Los Angeles","Santa Monica","CA","https://results.wilshirelawfirm.com/motorcycle-accident-lawyer/santa-monica/","(213) 329-7576","https://results.wilshirelawfirm.com/motorcycle-accident-lawyer/santa-monica/?kw={keyword}"
"injury","Motorcycle Accident","Los Angeles","Los Angeles","Inglewood","CA","https://results.wilshirelawfirm.com/motorcycle-accident-lawyer/inglewood/","(213) 329-7576","https://results.wilshirelawfirm.com/motorcycle-accident-lawyer/inglewood/?kw={keyword}"
"injury","Motorcycle Accident","Los Angeles","Los Angeles","Van Nuys","CA","https://results.wilshirelawfirm.com/motorcycle-accident-lawyer/van-nuys/","(213) 329-7576","https://results.wilshirelawfirm.com/motorcycle-accident-lawyer/van-nuys/?kw={keyword}"
"injury","Motorcycle Accident","Los Angeles","Los Angeles","East Los Angeles","CA","https://results.wilshirelawfirm.com/motorcycle-accident-lawyer/east-los-angeles/","(213) 329-7576","https://results.wilshirelawfirm.com/motorcycle-accident-lawyer/east-los-angeles/?kw={keyword}"
"injury","Motorcycle Accident","Los Angeles","Los Angeles","Koreatown","CA","https://results.wilshirelawfirm.com/motorcycle-accident-lawyer/koreatown/","(213) 329-7576","https://results.wilshirelawfirm.com/motorcycle-accident-lawyer/koreatown/?kw={keyword}"
"injury","Motorcycle Accident","Los Angeles","Los Angeles","Compton","CA","https://results.wilshirelawfirm.com/motorcycle-accident-lawyer/compton/","(213) 329-7576","https://results.wilshirelawfirm.com/motorcycle-accident-lawyer/compton/?kw={keyword}"
"injury","Motorcycle Accident","Los Angeles","Los Angeles","Whittier","CA","https://results.wilshirelawfirm.com/motorcycle-accident-lawyer/whittier/","(213) 329-7576","https://results.wilshirelawfirm.com/motorcycle-accident-lawyer/whittier/?kw={keyword}"
"injury","Motorcycle Accident","Los Angeles","Beverly Hills (office)","Beverly Hills","CA","https://results.wilshirelawfirm.com/motorcycle-accident-lawyer/beverly-hills/","(310) 879-1030","https://results.wilshirelawfirm.com/motorcycle-accident-lawyer/beverly-hills/?kw={keyword}"
"injury","Motorcycle Accident","Los Angeles","Beverly Hills","West Hollywood","CA","https://results.wilshirelawfirm.com/motorcycle-accident-lawyer/west-hollywood/","(310) 879-1030","https://results.wilshirelawfirm.com/motorcycle-accident-lawyer/west-hollywood/?kw={keyword}"
"injury","Motorcycle Accident","Los Angeles","Beverly Hills","Culver City","CA","https://results.wilshirelawfirm.com/motorcycle-accident-lawyer/culver-city/","(310) 879-1030","https://results.wilshirelawfirm.com/motorcycle-accident-lawyer/culver-city/?kw={keyword}"
"injury","Motorcycle Accident","Los Angeles","Beverly Hills","Westwood","CA","https://results.wilshirelawfirm.com/motorcycle-accident-lawyer/westwood/","(310) 879-1030","https://results.wilshirelawfirm.com/motorcycle-accident-lawyer/westwood/?kw={keyword}"
"injury","Motorcycle Accident","Los Angeles","Beverly Hills","Sherman Oaks","CA","https://results.wilshirelawfirm.com/motorcycle-accident-lawyer/sherman-oaks/","(310) 879-1030","https://results.wilshirelawfirm.com/motorcycle-accident-lawyer/sherman-oaks/?kw={keyword}"
"injury","Motorcycle Accident","Los Angeles","Torrance (office)","Torrance","CA","https://results.wilshirelawfirm.com/motorcycle-accident-lawyer/torrance/","(310) 307-3316","https://results.wilshirelawfirm.com/motorcycle-accident-lawyer/torrance/?kw={keyword}"
"injury","Motorcycle Accident","Los Angeles","Torrance","Carson","CA","https://results.wilshirelawfirm.com/motorcycle-accident-lawyer/carson/","(310) 307-3316","https://results.wilshirelawfirm.com/motorcycle-accident-lawyer/carson/?kw={keyword}"
"injury","Motorcycle Accident","Los Angeles","Torrance","Gardena","CA","https://results.wilshirelawfirm.com/motorcycle-accident-lawyer/gardena/","(310) 307-3316","https://results.wilshirelawfirm.com/motorcycle-accident-lawyer/gardena/?kw={keyword}"
"injury","Motorcycle Accident","Los Angeles","Torrance","Redondo Beach","CA","https://results.wilshirelawfirm.com/motorcycle-accident-lawyer/redondo-beach/","(310) 307-3316","https://results.wilshirelawfirm.com/motorcycle-accident-lawyer/redondo-beach/?kw={keyword}"
"injury","Motorcycle Accident","Los Angeles","Torrance","Hawthorne","CA","https://results.wilshirelawfirm.com/motorcycle-accident-lawyer/hawthorne/","(310) 307-3316","https://results.wilshirelawfirm.com/motorcycle-accident-lawyer/hawthorne/?kw={keyword}"
"injury","Motorcycle Accident","Los Angeles","Torrance","San Pedro","CA","https://results.wilshirelawfirm.com/motorcycle-accident-lawyer/san-pedro/","(310) 307-3316","https://results.wilshirelawfirm.com/motorcycle-accident-lawyer/san-pedro/?kw={keyword}"
"injury","Motorcycle Accident","Los Angeles","Long Beach (office)","Long Beach","CA","https://results.wilshirelawfirm.com/motorcycle-accident-lawyer/long-beach/","(800) 522-7274","https://results.wilshirelawfirm.com/motorcycle-accident-lawyer/long-beach/?kw={keyword}"
"injury","Motorcycle Accident","Los Angeles","Long Beach","Lakewood","CA","https://results.wilshirelawfirm.com/motorcycle-accident-lawyer/lakewood/","(800) 522-7274","https://results.wilshirelawfirm.com/motorcycle-accident-lawyer/lakewood/?kw={keyword}"
"injury","Motorcycle Accident","Los Angeles","Long Beach","Downey","CA","https://results.wilshirelawfirm.com/motorcycle-accident-lawyer/downey/","(800) 522-7274","https://results.wilshirelawfirm.com/motorcycle-accident-lawyer/downey/?kw={keyword}"
"injury","Motorcycle Accident","Los Angeles","Long Beach","Norwalk","CA","https://results.wilshirelawfirm.com/motorcycle-accident-lawyer/norwalk/","(800) 522-7274","https://results.wilshirelawfirm.com/motorcycle-accident-lawyer/norwalk/?kw={keyword}"
"injury","Motorcycle Accident","Los Angeles","Long Beach","Bellflower","CA","https://results.wilshirelawfirm.com/motorcycle-accident-lawyer/bellflower/","(800) 522-7274","https://results.wilshirelawfirm.com/motorcycle-accident-lawyer/bellflower/?kw={keyword}"
"injury","Motorcycle Accident","Los Angeles","Palmdale (office)","Palmdale","CA","https://results.wilshirelawfirm.com/motorcycle-accident-lawyer/palmdale/","(800) 891-1876","https://results.wilshirelawfirm.com/motorcycle-accident-lawyer/palmdale/?kw={keyword}"
"injury","Motorcycle Accident","Los Angeles","Palmdale","Santa Clarita","CA","https://results.wilshirelawfirm.com/motorcycle-accident-lawyer/santa-clarita/","(800) 891-1876","https://results.wilshirelawfirm.com/motorcycle-accident-lawyer/santa-clarita/?kw={keyword}"
"injury","Motorcycle Accident","Los Angeles","Palmdale","Victorville","CA","https://results.wilshirelawfirm.com/motorcycle-accident-lawyer/victorville/","(800) 891-1876","https://results.wilshirelawfirm.com/motorcycle-accident-lawyer/victorville/?kw={keyword}"
"injury","Motorcycle Accident","Los Angeles","Lancaster (office)","Lancaster","CA","https://results.wilshirelawfirm.com/motorcycle-accident-lawyer/lancaster/","(800) 891-1876","https://results.wilshirelawfirm.com/motorcycle-accident-lawyer/lancaster/?kw={keyword}"
"injury","Motorcycle Accident","Los Angeles","Lancaster","Antelope Valley","CA","https://results.wilshirelawfirm.com/motorcycle-accident-lawyer/antelope-valley/","(800) 891-1876","https://results.wilshirelawfirm.com/motorcycle-accident-lawyer/antelope-valley/?kw={keyword}"
"injury","Motorcycle Accident","Orange County","Irvine (office)","Irvine","CA","https://results.wilshirelawfirm.com/motorcycle-accident-lawyer/irvine/","(949) 591-8266","https://results.wilshirelawfirm.com/motorcycle-accident-lawyer/irvine/?kw={keyword}"
"injury","Motorcycle Accident","Orange County","Irvine","Santa Ana","CA","https://results.wilshirelawfirm.com/motorcycle-accident-lawyer/santa-ana/","(949) 591-8266","https://results.wilshirelawfirm.com/motorcycle-accident-lawyer/santa-ana/?kw={keyword}"
"injury","Motorcycle Accident","Orange County","Irvine","Huntington Beach","CA","https://results.wilshirelawfirm.com/motorcycle-accident-lawyer/huntington-beach/","(949) 591-8266","https://results.wilshirelawfirm.com/motorcycle-accident-lawyer/huntington-beach/?kw={keyword}"
"injury","Motorcycle Accident","Orange County","Irvine","Costa Mesa","CA","https://results.wilshirelawfirm.com/motorcycle-accident-lawyer/costa-mesa/","(949) 591-8266","https://results.wilshirelawfirm.com/motorcycle-accident-lawyer/costa-mesa/?kw={keyword}"
"injury","Motorcycle Accident","Orange County","Irvine","Newport Beach","CA","https://results.wilshirelawfirm.com/motorcycle-accident-lawyer/newport-beach/","(949) 591-8266","https://results.wilshirelawfirm.com/motorcycle-accident-lawyer/newport-beach/?kw={keyword}"
"injury","Motorcycle Accident","Orange County","Irvine","Mission Viejo","CA","https://results.wilshirelawfirm.com/motorcycle-accident-lawyer/mission-viejo/","(949) 591-8266","https://results.wilshirelawfirm.com/motorcycle-accident-lawyer/mission-viejo/?kw={keyword}"
"injury","Motorcycle Accident","Orange County","Irvine","Lake Forest","CA","https://results.wilshirelawfirm.com/motorcycle-accident-lawyer/lake-forest/","(949) 591-8266","https://results.wilshirelawfirm.com/motorcycle-accident-lawyer/lake-forest/?kw={keyword}"
"injury","Motorcycle Accident","Orange County","Irvine","Tustin","CA","https://results.wilshirelawfirm.com/motorcycle-accident-lawyer/tustin/","(949) 591-8266","https://results.wilshirelawfirm.com/motorcycle-accident-lawyer/tustin/?kw={keyword}"
"injury","Motorcycle Accident","Orange County","Orange (office)","Orange","CA","https://results.wilshirelawfirm.com/motorcycle-accident-lawyer/orange/","(714) 386-1747","https://results.wilshirelawfirm.com/motorcycle-accident-lawyer/orange/?kw={keyword}"
"injury","Motorcycle Accident","Orange County","Orange","Anaheim","CA","https://results.wilshirelawfirm.com/motorcycle-accident-lawyer/anaheim/","(714) 386-1747","https://results.wilshirelawfirm.com/motorcycle-accident-lawyer/anaheim/?kw={keyword}"
"injury","Motorcycle Accident","Orange County","Orange","Garden Grove","CA","https://results.wilshirelawfirm.com/motorcycle-accident-lawyer/garden-grove/","(714) 386-1747","https://results.wilshirelawfirm.com/motorcycle-accident-lawyer/garden-grove/?kw={keyword}"
"injury","Motorcycle Accident","Orange County","Orange","Fullerton","CA","https://results.wilshirelawfirm.com/motorcycle-accident-lawyer/fullerton/","(714) 386-1747","https://results.wilshirelawfirm.com/motorcycle-accident-lawyer/fullerton/?kw={keyword}"
"injury","Motorcycle Accident","Orange County","Orange","Westminster","CA","https://results.wilshirelawfirm.com/motorcycle-accident-lawyer/westminster/","(714) 386-1747","https://results.wilshirelawfirm.com/motorcycle-accident-lawyer/westminster/?kw={keyword}"
"injury","Motorcycle Accident","Inland Empire","Riverside (office)","Riverside","CA","https://results.wilshirelawfirm.com/motorcycle-accident-lawyer/riverside/","(951) 557-6087","https://results.wilshirelawfirm.com/motorcycle-accident-lawyer/riverside/?kw={keyword}"
"injury","Motorcycle Accident","Inland Empire","Riverside","Moreno Valley","CA","https://results.wilshirelawfirm.com/motorcycle-accident-lawyer/moreno-valley/","(951) 557-6087","https://results.wilshirelawfirm.com/motorcycle-accident-lawyer/moreno-valley/?kw={keyword}"
"injury","Motorcycle Accident","Inland Empire","Riverside","Corona","CA","https://results.wilshirelawfirm.com/motorcycle-accident-lawyer/corona/","(951) 557-6087","https://results.wilshirelawfirm.com/motorcycle-accident-lawyer/corona/?kw={keyword}"
"injury","Motorcycle Accident","Inland Empire","Riverside","Temecula","CA","https://results.wilshirelawfirm.com/motorcycle-accident-lawyer/temecula/","(951) 557-6087","https://results.wilshirelawfirm.com/motorcycle-accident-lawyer/temecula/?kw={keyword}"
"injury","Motorcycle Accident","Inland Empire","Riverside","Murrieta","CA","https://results.wilshirelawfirm.com/motorcycle-accident-lawyer/murrieta/","(951) 557-6087","https://results.wilshirelawfirm.com/motorcycle-accident-lawyer/murrieta/?kw={keyword}"
"injury","Motorcycle Accident","Inland Empire","Riverside","Hemet","CA","https://results.wilshirelawfirm.com/motorcycle-accident-lawyer/hemet/","(951) 557-6087","https://results.wilshirelawfirm.com/motorcycle-accident-lawyer/hemet/?kw={keyword}"
"injury","Motorcycle Accident","Inland Empire","Ontario (office)","Ontario","CA","https://results.wilshirelawfirm.com/motorcycle-accident-lawyer/ontario/","(800) 522-7274","https://results.wilshirelawfirm.com/motorcycle-accident-lawyer/ontario/?kw={keyword}"
"injury","Motorcycle Accident","Inland Empire","Ontario","San Bernardino","CA","https://results.wilshirelawfirm.com/motorcycle-accident-lawyer/san-bernardino/","(800) 522-7274","https://results.wilshirelawfirm.com/motorcycle-accident-lawyer/san-bernardino/?kw={keyword}"
"injury","Motorcycle Accident","Inland Empire","Ontario","Fontana","CA","https://results.wilshirelawfirm.com/motorcycle-accident-lawyer/fontana/","(800) 522-7274","https://results.wilshirelawfirm.com/motorcycle-accident-lawyer/fontana/?kw={keyword}"
"injury","Motorcycle Accident","Inland Empire","Ontario","Rancho Cucamonga","CA","https://results.wilshirelawfirm.com/motorcycle-accident-lawyer/rancho-cucamonga/","(800) 522-7274","https://results.wilshirelawfirm.com/motorcycle-accident-lawyer/rancho-cucamonga/?kw={keyword}"
"injury","Motorcycle Accident","Inland Empire","Ontario","Pomona","CA","https://results.wilshirelawfirm.com/motorcycle-accident-lawyer/pomona/","(800) 522-7274","https://results.wilshirelawfirm.com/motorcycle-accident-lawyer/pomona/?kw={keyword}"
"injury","Motorcycle Accident","Inland Empire","Ontario","Chino","CA","https://results.wilshirelawfirm.com/motorcycle-accident-lawyer/chino/","(800) 522-7274","https://results.wilshirelawfirm.com/motorcycle-accident-lawyer/chino/?kw={keyword}"
"injury","Motorcycle Accident","Inland Empire","Ontario","Rialto","CA","https://results.wilshirelawfirm.com/motorcycle-accident-lawyer/rialto/","(800) 522-7274","https://results.wilshirelawfirm.com/motorcycle-accident-lawyer/rialto/?kw={keyword}"
"injury","Motorcycle Accident","San Diego","San Diego (office)","San Diego","CA","https://results.wilshirelawfirm.com/motorcycle-accident-lawyer/san-diego/","(619) 257-2818","https://results.wilshirelawfirm.com/motorcycle-accident-lawyer/san-diego/?kw={keyword}"
"injury","Motorcycle Accident","San Diego","San Diego","Chula Vista","CA","https://results.wilshirelawfirm.com/motorcycle-accident-lawyer/chula-vista/","(619) 257-2818","https://results.wilshirelawfirm.com/motorcycle-accident-lawyer/chula-vista/?kw={keyword}"
"injury","Motorcycle Accident","San Diego","San Diego","Oceanside","CA","https://results.wilshirelawfirm.com/motorcycle-accident-lawyer/oceanside/","(619) 257-2818","https://results.wilshirelawfirm.com/motorcycle-accident-lawyer/oceanside/?kw={keyword}"
"injury","Motorcycle Accident","San Diego","San Diego","Escondido","CA","https://results.wilshirelawfirm.com/motorcycle-accident-lawyer/escondido/","(619) 257-2818","https://results.wilshirelawfirm.com/motorcycle-accident-lawyer/escondido/?kw={keyword}"
"injury","Motorcycle Accident","San Diego","San Diego","El Cajon","CA","https://results.wilshirelawfirm.com/motorcycle-accident-lawyer/el-cajon/","(619) 257-2818","https://results.wilshirelawfirm.com/motorcycle-accident-lawyer/el-cajon/?kw={keyword}"
"injury","Motorcycle Accident","San Diego","San Diego","Carlsbad","CA","https://results.wilshirelawfirm.com/motorcycle-accident-lawyer/carlsbad/","(619) 257-2818","https://results.wilshirelawfirm.com/motorcycle-accident-lawyer/carlsbad/?kw={keyword}"
"injury","Motorcycle Accident","San Diego","San Diego","National City","CA","https://results.wilshirelawfirm.com/motorcycle-accident-lawyer/national-city/","(619) 257-2818","https://results.wilshirelawfirm.com/motorcycle-accident-lawyer/national-city/?kw={keyword}"
"injury","Motorcycle Accident","Central Valley","Bakersfield (office)","Bakersfield","CA","https://results.wilshirelawfirm.com/motorcycle-accident-lawyer/bakersfield/","(800) 522-7274","https://results.wilshirelawfirm.com/motorcycle-accident-lawyer/bakersfield/?kw={keyword}"
"injury","Motorcycle Accident","Central Valley","Bakersfield","Delano","CA","https://results.wilshirelawfirm.com/motorcycle-accident-lawyer/delano/","(800) 522-7274","https://results.wilshirelawfirm.com/motorcycle-accident-lawyer/delano/?kw={keyword}"
"injury","Motorcycle Accident","Central Valley","Fresno (office)","Fresno","CA","https://results.wilshirelawfirm.com/motorcycle-accident-lawyer/fresno/","(800) 522-7274","https://results.wilshirelawfirm.com/motorcycle-accident-lawyer/fresno/?kw={keyword}"
"injury","Motorcycle Accident","Central Valley","Fresno","Clovis","CA","https://results.wilshirelawfirm.com/motorcycle-accident-lawyer/clovis/","(800) 522-7274","https://results.wilshirelawfirm.com/motorcycle-accident-lawyer/clovis/?kw={keyword}"
"injury","Motorcycle Accident","Central Valley","Fresno","Visalia","CA","https://results.wilshirelawfirm.com/motorcycle-accident-lawyer/visalia/","(800) 522-7274","https://results.wilshirelawfirm.com/motorcycle-accident-lawyer/visalia/?kw={keyword}"
"injury","Motorcycle Accident","Central Valley","Fresno","Madera","CA","https://results.wilshirelawfirm.com/motorcycle-accident-lawyer/madera/","(800) 522-7274","https://results.wilshirelawfirm.com/motorcycle-accident-lawyer/madera/?kw={keyword}"
"injury","Motorcycle Accident","Central Valley","Modesto (office)","Modesto","CA","https://results.wilshirelawfirm.com/motorcycle-accident-lawyer/modesto/","(800) 522-7274","https://results.wilshirelawfirm.com/motorcycle-accident-lawyer/modesto/?kw={keyword}"
"injury","Motorcycle Accident","Central Valley","Modesto","Stockton","CA","https://results.wilshirelawfirm.com/motorcycle-accident-lawyer/stockton/","(800) 522-7274","https://results.wilshirelawfirm.com/motorcycle-accident-lawyer/stockton/?kw={keyword}"
"injury","Motorcycle Accident","Central Valley","Modesto","Turlock","CA","https://results.wilshirelawfirm.com/motorcycle-accident-lawyer/turlock/","(800) 522-7274","https://results.wilshirelawfirm.com/motorcycle-accident-lawyer/turlock/?kw={keyword}"
"injury","Motorcycle Accident","Central Valley","Modesto","Merced","CA","https://results.wilshirelawfirm.com/motorcycle-accident-lawyer/merced/","(800) 522-7274","https://results.wilshirelawfirm.com/motorcycle-accident-lawyer/merced/?kw={keyword}"
"injury","Motorcycle Accident","Sacramento & Northern California","Sacramento (office)","Sacramento","CA","https://results.wilshirelawfirm.com/motorcycle-accident-lawyer/sacramento/","(916) 957-0598","https://results.wilshirelawfirm.com/motorcycle-accident-lawyer/sacramento/?kw={keyword}"
"injury","Motorcycle Accident","Sacramento & Northern California","Sacramento","Elk Grove","CA","https://results.wilshirelawfirm.com/motorcycle-accident-lawyer/elk-grove/","(916) 957-0598","https://results.wilshirelawfirm.com/motorcycle-accident-lawyer/elk-grove/?kw={keyword}"
"injury","Motorcycle Accident","Sacramento & Northern California","Sacramento","Roseville","CA","https://results.wilshirelawfirm.com/motorcycle-accident-lawyer/roseville/","(916) 957-0598","https://results.wilshirelawfirm.com/motorcycle-accident-lawyer/roseville/?kw={keyword}"
"injury","Motorcycle Accident","Sacramento & Northern California","Sacramento","Folsom","CA","https://results.wilshirelawfirm.com/motorcycle-accident-lawyer/folsom/","(916) 957-0598","https://results.wilshirelawfirm.com/motorcycle-accident-lawyer/folsom/?kw={keyword}"
"injury","Motorcycle Accident","Bay Area","Oakland (office)","Oakland","CA","https://results.wilshirelawfirm.com/motorcycle-accident-lawyer/oakland/","(510) 391-4877","https://results.wilshirelawfirm.com/motorcycle-accident-lawyer/oakland/?kw={keyword}"
"injury","Motorcycle Accident","Bay Area","Oakland","Berkeley","CA","https://results.wilshirelawfirm.com/motorcycle-accident-lawyer/berkeley/","(510) 391-4877","https://results.wilshirelawfirm.com/motorcycle-accident-lawyer/berkeley/?kw={keyword}"
"injury","Motorcycle Accident","Bay Area","Oakland","Hayward","CA","https://results.wilshirelawfirm.com/motorcycle-accident-lawyer/hayward/","(510) 391-4877","https://results.wilshirelawfirm.com/motorcycle-accident-lawyer/hayward/?kw={keyword}"
"injury","Motorcycle Accident","Bay Area","Oakland","Fremont","CA","https://results.wilshirelawfirm.com/motorcycle-accident-lawyer/fremont/","(510) 391-4877","https://results.wilshirelawfirm.com/motorcycle-accident-lawyer/fremont/?kw={keyword}"
"injury","Motorcycle Accident","Bay Area","Oakland","Richmond","CA","https://results.wilshirelawfirm.com/motorcycle-accident-lawyer/richmond/","(510) 391-4877","https://results.wilshirelawfirm.com/motorcycle-accident-lawyer/richmond/?kw={keyword}"
"injury","Motorcycle Accident","Bay Area","Oakland","Concord","CA","https://results.wilshirelawfirm.com/motorcycle-accident-lawyer/concord/","(510) 391-4877","https://results.wilshirelawfirm.com/motorcycle-accident-lawyer/concord/?kw={keyword}"
"injury","Motorcycle Accident","Bay Area","San Francisco (office)","San Francisco","CA","https://results.wilshirelawfirm.com/motorcycle-accident-lawyer/san-francisco/","(628) 895-2682","https://results.wilshirelawfirm.com/motorcycle-accident-lawyer/san-francisco/?kw={keyword}"
"injury","Motorcycle Accident","Bay Area","San Francisco","San Jose","CA","https://results.wilshirelawfirm.com/motorcycle-accident-lawyer/san-jose/","(628) 895-2682","https://results.wilshirelawfirm.com/motorcycle-accident-lawyer/san-jose/?kw={keyword}"
"injury","Motorcycle Accident","Bay Area","San Francisco","Daly City","CA","https://results.wilshirelawfirm.com/motorcycle-accident-lawyer/daly-city/","(628) 895-2682","https://results.wilshirelawfirm.com/motorcycle-accident-lawyer/daly-city/?kw={keyword}"
"injury","Motorcycle Accident","Bay Area","San Francisco","San Mateo","CA","https://results.wilshirelawfirm.com/motorcycle-accident-lawyer/san-mateo/","(628) 895-2682","https://results.wilshirelawfirm.com/motorcycle-accident-lawyer/san-mateo/?kw={keyword}"
"injury","Motorcycle Accident","Ventura & Central Coast","Oxnard (office)","Oxnard","CA","https://results.wilshirelawfirm.com/motorcycle-accident-lawyer/oxnard/","(800) 891-1876","https://results.wilshirelawfirm.com/motorcycle-accident-lawyer/oxnard/?kw={keyword}"
"injury","Motorcycle Accident","Ventura & Central Coast","Oxnard","Ventura","CA","https://results.wilshirelawfirm.com/motorcycle-accident-lawyer/ventura/","(800) 891-1876","https://results.wilshirelawfirm.com/motorcycle-accident-lawyer/ventura/?kw={keyword}"
"injury","Motorcycle Accident","Ventura & Central Coast","Oxnard","Thousand Oaks","CA","https://results.wilshirelawfirm.com/motorcycle-accident-lawyer/thousand-oaks/","(800) 891-1876","https://results.wilshirelawfirm.com/motorcycle-accident-lawyer/thousand-oaks/?kw={keyword}"
"injury","Motorcycle Accident","Ventura & Central Coast","Oxnard","Simi Valley","CA","https://results.wilshirelawfirm.com/motorcycle-accident-lawyer/simi-valley/","(800) 891-1876","https://results.wilshirelawfirm.com/motorcycle-accident-lawyer/simi-valley/?kw={keyword}"
"injury","Motorcycle Accident","Ventura & Central Coast","Oxnard","Santa Barbara","CA","https://results.wilshirelawfirm.com/motorcycle-accident-lawyer/santa-barbara/","(800) 891-1876","https://results.wilshirelawfirm.com/motorcycle-accident-lawyer/santa-barbara/?kw={keyword}"
"injury","Motorcycle Accident","Nevada","Las Vegas (office)","Las Vegas","NV","https://results.wilshirelawfirm.com/motorcycle-accident-lawyer/las-vegas/","(800) 522-7274","https://results.wilshirelawfirm.com/motorcycle-accident-lawyer/las-vegas/?kw={keyword}"
"injury","Motorcycle Accident","Nevada","Las Vegas","Henderson","NV","https://results.wilshirelawfirm.com/motorcycle-accident-lawyer/henderson/","(800) 522-7274","https://results.wilshirelawfirm.com/motorcycle-accident-lawyer/henderson/?kw={keyword}"
"injury","Motorcycle Accident","Nevada","Las Vegas","North Las Vegas","NV","https://results.wilshirelawfirm.com/motorcycle-accident-lawyer/north-las-vegas/","(800) 522-7274","https://results.wilshirelawfirm.com/motorcycle-accident-lawyer/north-las-vegas/?kw={keyword}"
"injury","Motorcycle Accident","Nevada","Las Vegas","Summerlin","NV","https://results.wilshirelawfirm.com/motorcycle-accident-lawyer/summerlin/","(800) 522-7274","https://results.wilshirelawfirm.com/motorcycle-accident-lawyer/summerlin/?kw={keyword}"
"injury","Pedestrian & Bicycle Accident","Statewide","—","California","CA","https://results.wilshirelawfirm.com/pedestrian-accident-lawyer/","(800) 522-7274","https://results.wilshirelawfirm.com/pedestrian-accident-lawyer/?kw={keyword}"
"injury","Pedestrian & Bicycle Accident","Statewide","—","Nevada","NV","https://results.wilshirelawfirm.com/pedestrian-accident-lawyer/nevada/","(800) 522-7274","https://results.wilshirelawfirm.com/pedestrian-accident-lawyer/nevada/?kw={keyword}"
"injury","Pedestrian & Bicycle Accident","Los Angeles","Los Angeles (office)","Los Angeles","CA","https://results.wilshirelawfirm.com/pedestrian-accident-lawyer/los-angeles/","(213) 329-7576","https://results.wilshirelawfirm.com/pedestrian-accident-lawyer/los-angeles/?kw={keyword}"
"injury","Pedestrian & Bicycle Accident","Los Angeles","Los Angeles","Downtown Los Angeles","CA","https://results.wilshirelawfirm.com/pedestrian-accident-lawyer/downtown-los-angeles/","(213) 329-7576","https://results.wilshirelawfirm.com/pedestrian-accident-lawyer/downtown-los-angeles/?kw={keyword}"
"injury","Pedestrian & Bicycle Accident","Los Angeles","Los Angeles","Hollywood","CA","https://results.wilshirelawfirm.com/pedestrian-accident-lawyer/hollywood/","(213) 329-7576","https://results.wilshirelawfirm.com/pedestrian-accident-lawyer/hollywood/?kw={keyword}"
"injury","Pedestrian & Bicycle Accident","Los Angeles","Los Angeles","Glendale","CA","https://results.wilshirelawfirm.com/pedestrian-accident-lawyer/glendale/","(213) 329-7576","https://results.wilshirelawfirm.com/pedestrian-accident-lawyer/glendale/?kw={keyword}"
"injury","Pedestrian & Bicycle Accident","Los Angeles","Los Angeles","Pasadena","CA","https://results.wilshirelawfirm.com/pedestrian-accident-lawyer/pasadena/","(213) 329-7576","https://results.wilshirelawfirm.com/pedestrian-accident-lawyer/pasadena/?kw={keyword}"
"injury","Pedestrian & Bicycle Accident","Los Angeles","Los Angeles","Burbank","CA","https://results.wilshirelawfirm.com/pedestrian-accident-lawyer/burbank/","(213) 329-7576","https://results.wilshirelawfirm.com/pedestrian-accident-lawyer/burbank/?kw={keyword}"
"injury","Pedestrian & Bicycle Accident","Los Angeles","Los Angeles","Santa Monica","CA","https://results.wilshirelawfirm.com/pedestrian-accident-lawyer/santa-monica/","(213) 329-7576","https://results.wilshirelawfirm.com/pedestrian-accident-lawyer/santa-monica/?kw={keyword}"
"injury","Pedestrian & Bicycle Accident","Los Angeles","Los Angeles","Inglewood","CA","https://results.wilshirelawfirm.com/pedestrian-accident-lawyer/inglewood/","(213) 329-7576","https://results.wilshirelawfirm.com/pedestrian-accident-lawyer/inglewood/?kw={keyword}"
"injury","Pedestrian & Bicycle Accident","Los Angeles","Los Angeles","Van Nuys","CA","https://results.wilshirelawfirm.com/pedestrian-accident-lawyer/van-nuys/","(213) 329-7576","https://results.wilshirelawfirm.com/pedestrian-accident-lawyer/van-nuys/?kw={keyword}"
"injury","Pedestrian & Bicycle Accident","Los Angeles","Los Angeles","East Los Angeles","CA","https://results.wilshirelawfirm.com/pedestrian-accident-lawyer/east-los-angeles/","(213) 329-7576","https://results.wilshirelawfirm.com/pedestrian-accident-lawyer/east-los-angeles/?kw={keyword}"
"injury","Pedestrian & Bicycle Accident","Los Angeles","Los Angeles","Koreatown","CA","https://results.wilshirelawfirm.com/pedestrian-accident-lawyer/koreatown/","(213) 329-7576","https://results.wilshirelawfirm.com/pedestrian-accident-lawyer/koreatown/?kw={keyword}"
"injury","Pedestrian & Bicycle Accident","Los Angeles","Los Angeles","Compton","CA","https://results.wilshirelawfirm.com/pedestrian-accident-lawyer/compton/","(213) 329-7576","https://results.wilshirelawfirm.com/pedestrian-accident-lawyer/compton/?kw={keyword}"
"injury","Pedestrian & Bicycle Accident","Los Angeles","Los Angeles","Whittier","CA","https://results.wilshirelawfirm.com/pedestrian-accident-lawyer/whittier/","(213) 329-7576","https://results.wilshirelawfirm.com/pedestrian-accident-lawyer/whittier/?kw={keyword}"
"injury","Pedestrian & Bicycle Accident","Los Angeles","Beverly Hills (office)","Beverly Hills","CA","https://results.wilshirelawfirm.com/pedestrian-accident-lawyer/beverly-hills/","(310) 879-1030","https://results.wilshirelawfirm.com/pedestrian-accident-lawyer/beverly-hills/?kw={keyword}"
"injury","Pedestrian & Bicycle Accident","Los Angeles","Beverly Hills","West Hollywood","CA","https://results.wilshirelawfirm.com/pedestrian-accident-lawyer/west-hollywood/","(310) 879-1030","https://results.wilshirelawfirm.com/pedestrian-accident-lawyer/west-hollywood/?kw={keyword}"
"injury","Pedestrian & Bicycle Accident","Los Angeles","Beverly Hills","Culver City","CA","https://results.wilshirelawfirm.com/pedestrian-accident-lawyer/culver-city/","(310) 879-1030","https://results.wilshirelawfirm.com/pedestrian-accident-lawyer/culver-city/?kw={keyword}"
"injury","Pedestrian & Bicycle Accident","Los Angeles","Beverly Hills","Westwood","CA","https://results.wilshirelawfirm.com/pedestrian-accident-lawyer/westwood/","(310) 879-1030","https://results.wilshirelawfirm.com/pedestrian-accident-lawyer/westwood/?kw={keyword}"
"injury","Pedestrian & Bicycle Accident","Los Angeles","Beverly Hills","Sherman Oaks","CA","https://results.wilshirelawfirm.com/pedestrian-accident-lawyer/sherman-oaks/","(310) 879-1030","https://results.wilshirelawfirm.com/pedestrian-accident-lawyer/sherman-oaks/?kw={keyword}"
"injury","Pedestrian & Bicycle Accident","Los Angeles","Torrance (office)","Torrance","CA","https://results.wilshirelawfirm.com/pedestrian-accident-lawyer/torrance/","(310) 307-3316","https://results.wilshirelawfirm.com/pedestrian-accident-lawyer/torrance/?kw={keyword}"
"injury","Pedestrian & Bicycle Accident","Los Angeles","Torrance","Carson","CA","https://results.wilshirelawfirm.com/pedestrian-accident-lawyer/carson/","(310) 307-3316","https://results.wilshirelawfirm.com/pedestrian-accident-lawyer/carson/?kw={keyword}"
"injury","Pedestrian & Bicycle Accident","Los Angeles","Torrance","Gardena","CA","https://results.wilshirelawfirm.com/pedestrian-accident-lawyer/gardena/","(310) 307-3316","https://results.wilshirelawfirm.com/pedestrian-accident-lawyer/gardena/?kw={keyword}"
"injury","Pedestrian & Bicycle Accident","Los Angeles","Torrance","Redondo Beach","CA","https://results.wilshirelawfirm.com/pedestrian-accident-lawyer/redondo-beach/","(310) 307-3316","https://results.wilshirelawfirm.com/pedestrian-accident-lawyer/redondo-beach/?kw={keyword}"
"injury","Pedestrian & Bicycle Accident","Los Angeles","Torrance","Hawthorne","CA","https://results.wilshirelawfirm.com/pedestrian-accident-lawyer/hawthorne/","(310) 307-3316","https://results.wilshirelawfirm.com/pedestrian-accident-lawyer/hawthorne/?kw={keyword}"
"injury","Pedestrian & Bicycle Accident","Los Angeles","Torrance","San Pedro","CA","https://results.wilshirelawfirm.com/pedestrian-accident-lawyer/san-pedro/","(310) 307-3316","https://results.wilshirelawfirm.com/pedestrian-accident-lawyer/san-pedro/?kw={keyword}"
"injury","Pedestrian & Bicycle Accident","Los Angeles","Long Beach (office)","Long Beach","CA","https://results.wilshirelawfirm.com/pedestrian-accident-lawyer/long-beach/","(800) 522-7274","https://results.wilshirelawfirm.com/pedestrian-accident-lawyer/long-beach/?kw={keyword}"
"injury","Pedestrian & Bicycle Accident","Los Angeles","Long Beach","Lakewood","CA","https://results.wilshirelawfirm.com/pedestrian-accident-lawyer/lakewood/","(800) 522-7274","https://results.wilshirelawfirm.com/pedestrian-accident-lawyer/lakewood/?kw={keyword}"
"injury","Pedestrian & Bicycle Accident","Los Angeles","Long Beach","Downey","CA","https://results.wilshirelawfirm.com/pedestrian-accident-lawyer/downey/","(800) 522-7274","https://results.wilshirelawfirm.com/pedestrian-accident-lawyer/downey/?kw={keyword}"
"injury","Pedestrian & Bicycle Accident","Los Angeles","Long Beach","Norwalk","CA","https://results.wilshirelawfirm.com/pedestrian-accident-lawyer/norwalk/","(800) 522-7274","https://results.wilshirelawfirm.com/pedestrian-accident-lawyer/norwalk/?kw={keyword}"
"injury","Pedestrian & Bicycle Accident","Los Angeles","Long Beach","Bellflower","CA","https://results.wilshirelawfirm.com/pedestrian-accident-lawyer/bellflower/","(800) 522-7274","https://results.wilshirelawfirm.com/pedestrian-accident-lawyer/bellflower/?kw={keyword}"
"injury","Pedestrian & Bicycle Accident","Los Angeles","Palmdale (office)","Palmdale","CA","https://results.wilshirelawfirm.com/pedestrian-accident-lawyer/palmdale/","(800) 891-1876","https://results.wilshirelawfirm.com/pedestrian-accident-lawyer/palmdale/?kw={keyword}"
"injury","Pedestrian & Bicycle Accident","Los Angeles","Palmdale","Santa Clarita","CA","https://results.wilshirelawfirm.com/pedestrian-accident-lawyer/santa-clarita/","(800) 891-1876","https://results.wilshirelawfirm.com/pedestrian-accident-lawyer/santa-clarita/?kw={keyword}"
"injury","Pedestrian & Bicycle Accident","Los Angeles","Palmdale","Victorville","CA","https://results.wilshirelawfirm.com/pedestrian-accident-lawyer/victorville/","(800) 891-1876","https://results.wilshirelawfirm.com/pedestrian-accident-lawyer/victorville/?kw={keyword}"
"injury","Pedestrian & Bicycle Accident","Los Angeles","Lancaster (office)","Lancaster","CA","https://results.wilshirelawfirm.com/pedestrian-accident-lawyer/lancaster/","(800) 891-1876","https://results.wilshirelawfirm.com/pedestrian-accident-lawyer/lancaster/?kw={keyword}"
"injury","Pedestrian & Bicycle Accident","Los Angeles","Lancaster","Antelope Valley","CA","https://results.wilshirelawfirm.com/pedestrian-accident-lawyer/antelope-valley/","(800) 891-1876","https://results.wilshirelawfirm.com/pedestrian-accident-lawyer/antelope-valley/?kw={keyword}"
"injury","Pedestrian & Bicycle Accident","Orange County","Irvine (office)","Irvine","CA","https://results.wilshirelawfirm.com/pedestrian-accident-lawyer/irvine/","(949) 591-8266","https://results.wilshirelawfirm.com/pedestrian-accident-lawyer/irvine/?kw={keyword}"
"injury","Pedestrian & Bicycle Accident","Orange County","Irvine","Santa Ana","CA","https://results.wilshirelawfirm.com/pedestrian-accident-lawyer/santa-ana/","(949) 591-8266","https://results.wilshirelawfirm.com/pedestrian-accident-lawyer/santa-ana/?kw={keyword}"
"injury","Pedestrian & Bicycle Accident","Orange County","Irvine","Huntington Beach","CA","https://results.wilshirelawfirm.com/pedestrian-accident-lawyer/huntington-beach/","(949) 591-8266","https://results.wilshirelawfirm.com/pedestrian-accident-lawyer/huntington-beach/?kw={keyword}"
"injury","Pedestrian & Bicycle Accident","Orange County","Irvine","Costa Mesa","CA","https://results.wilshirelawfirm.com/pedestrian-accident-lawyer/costa-mesa/","(949) 591-8266","https://results.wilshirelawfirm.com/pedestrian-accident-lawyer/costa-mesa/?kw={keyword}"
"injury","Pedestrian & Bicycle Accident","Orange County","Irvine","Newport Beach","CA","https://results.wilshirelawfirm.com/pedestrian-accident-lawyer/newport-beach/","(949) 591-8266","https://results.wilshirelawfirm.com/pedestrian-accident-lawyer/newport-beach/?kw={keyword}"
"injury","Pedestrian & Bicycle Accident","Orange County","Irvine","Mission Viejo","CA","https://results.wilshirelawfirm.com/pedestrian-accident-lawyer/mission-viejo/","(949) 591-8266","https://results.wilshirelawfirm.com/pedestrian-accident-lawyer/mission-viejo/?kw={keyword}"
"injury","Pedestrian & Bicycle Accident","Orange County","Irvine","Lake Forest","CA","https://results.wilshirelawfirm.com/pedestrian-accident-lawyer/lake-forest/","(949) 591-8266","https://results.wilshirelawfirm.com/pedestrian-accident-lawyer/lake-forest/?kw={keyword}"
"injury","Pedestrian & Bicycle Accident","Orange County","Irvine","Tustin","CA","https://results.wilshirelawfirm.com/pedestrian-accident-lawyer/tustin/","(949) 591-8266","https://results.wilshirelawfirm.com/pedestrian-accident-lawyer/tustin/?kw={keyword}"
"injury","Pedestrian & Bicycle Accident","Orange County","Orange (office)","Orange","CA","https://results.wilshirelawfirm.com/pedestrian-accident-lawyer/orange/","(714) 386-1747","https://results.wilshirelawfirm.com/pedestrian-accident-lawyer/orange/?kw={keyword}"
"injury","Pedestrian & Bicycle Accident","Orange County","Orange","Anaheim","CA","https://results.wilshirelawfirm.com/pedestrian-accident-lawyer/anaheim/","(714) 386-1747","https://results.wilshirelawfirm.com/pedestrian-accident-lawyer/anaheim/?kw={keyword}"
"injury","Pedestrian & Bicycle Accident","Orange County","Orange","Garden Grove","CA","https://results.wilshirelawfirm.com/pedestrian-accident-lawyer/garden-grove/","(714) 386-1747","https://results.wilshirelawfirm.com/pedestrian-accident-lawyer/garden-grove/?kw={keyword}"
"injury","Pedestrian & Bicycle Accident","Orange County","Orange","Fullerton","CA","https://results.wilshirelawfirm.com/pedestrian-accident-lawyer/fullerton/","(714) 386-1747","https://results.wilshirelawfirm.com/pedestrian-accident-lawyer/fullerton/?kw={keyword}"
"injury","Pedestrian & Bicycle Accident","Orange County","Orange","Westminster","CA","https://results.wilshirelawfirm.com/pedestrian-accident-lawyer/westminster/","(714) 386-1747","https://results.wilshirelawfirm.com/pedestrian-accident-lawyer/westminster/?kw={keyword}"
"injury","Pedestrian & Bicycle Accident","Inland Empire","Riverside (office)","Riverside","CA","https://results.wilshirelawfirm.com/pedestrian-accident-lawyer/riverside/","(951) 557-6087","https://results.wilshirelawfirm.com/pedestrian-accident-lawyer/riverside/?kw={keyword}"
"injury","Pedestrian & Bicycle Accident","Inland Empire","Riverside","Moreno Valley","CA","https://results.wilshirelawfirm.com/pedestrian-accident-lawyer/moreno-valley/","(951) 557-6087","https://results.wilshirelawfirm.com/pedestrian-accident-lawyer/moreno-valley/?kw={keyword}"
"injury","Pedestrian & Bicycle Accident","Inland Empire","Riverside","Corona","CA","https://results.wilshirelawfirm.com/pedestrian-accident-lawyer/corona/","(951) 557-6087","https://results.wilshirelawfirm.com/pedestrian-accident-lawyer/corona/?kw={keyword}"
"injury","Pedestrian & Bicycle Accident","Inland Empire","Riverside","Temecula","CA","https://results.wilshirelawfirm.com/pedestrian-accident-lawyer/temecula/","(951) 557-6087","https://results.wilshirelawfirm.com/pedestrian-accident-lawyer/temecula/?kw={keyword}"
"injury","Pedestrian & Bicycle Accident","Inland Empire","Riverside","Murrieta","CA","https://results.wilshirelawfirm.com/pedestrian-accident-lawyer/murrieta/","(951) 557-6087","https://results.wilshirelawfirm.com/pedestrian-accident-lawyer/murrieta/?kw={keyword}"
"injury","Pedestrian & Bicycle Accident","Inland Empire","Riverside","Hemet","CA","https://results.wilshirelawfirm.com/pedestrian-accident-lawyer/hemet/","(951) 557-6087","https://results.wilshirelawfirm.com/pedestrian-accident-lawyer/hemet/?kw={keyword}"
"injury","Pedestrian & Bicycle Accident","Inland Empire","Ontario (office)","Ontario","CA","https://results.wilshirelawfirm.com/pedestrian-accident-lawyer/ontario/","(800) 522-7274","https://results.wilshirelawfirm.com/pedestrian-accident-lawyer/ontario/?kw={keyword}"
"injury","Pedestrian & Bicycle Accident","Inland Empire","Ontario","San Bernardino","CA","https://results.wilshirelawfirm.com/pedestrian-accident-lawyer/san-bernardino/","(800) 522-7274","https://results.wilshirelawfirm.com/pedestrian-accident-lawyer/san-bernardino/?kw={keyword}"
"injury","Pedestrian & Bicycle Accident","Inland Empire","Ontario","Fontana","CA","https://results.wilshirelawfirm.com/pedestrian-accident-lawyer/fontana/","(800) 522-7274","https://results.wilshirelawfirm.com/pedestrian-accident-lawyer/fontana/?kw={keyword}"
"injury","Pedestrian & Bicycle Accident","Inland Empire","Ontario","Rancho Cucamonga","CA","https://results.wilshirelawfirm.com/pedestrian-accident-lawyer/rancho-cucamonga/","(800) 522-7274","https://results.wilshirelawfirm.com/pedestrian-accident-lawyer/rancho-cucamonga/?kw={keyword}"
"injury","Pedestrian & Bicycle Accident","Inland Empire","Ontario","Pomona","CA","https://results.wilshirelawfirm.com/pedestrian-accident-lawyer/pomona/","(800) 522-7274","https://results.wilshirelawfirm.com/pedestrian-accident-lawyer/pomona/?kw={keyword}"
"injury","Pedestrian & Bicycle Accident","Inland Empire","Ontario","Chino","CA","https://results.wilshirelawfirm.com/pedestrian-accident-lawyer/chino/","(800) 522-7274","https://results.wilshirelawfirm.com/pedestrian-accident-lawyer/chino/?kw={keyword}"
"injury","Pedestrian & Bicycle Accident","Inland Empire","Ontario","Rialto","CA","https://results.wilshirelawfirm.com/pedestrian-accident-lawyer/rialto/","(800) 522-7274","https://results.wilshirelawfirm.com/pedestrian-accident-lawyer/rialto/?kw={keyword}"
"injury","Pedestrian & Bicycle Accident","San Diego","San Diego (office)","San Diego","CA","https://results.wilshirelawfirm.com/pedestrian-accident-lawyer/san-diego/","(619) 257-2818","https://results.wilshirelawfirm.com/pedestrian-accident-lawyer/san-diego/?kw={keyword}"
"injury","Pedestrian & Bicycle Accident","San Diego","San Diego","Chula Vista","CA","https://results.wilshirelawfirm.com/pedestrian-accident-lawyer/chula-vista/","(619) 257-2818","https://results.wilshirelawfirm.com/pedestrian-accident-lawyer/chula-vista/?kw={keyword}"
"injury","Pedestrian & Bicycle Accident","San Diego","San Diego","Oceanside","CA","https://results.wilshirelawfirm.com/pedestrian-accident-lawyer/oceanside/","(619) 257-2818","https://results.wilshirelawfirm.com/pedestrian-accident-lawyer/oceanside/?kw={keyword}"
"injury","Pedestrian & Bicycle Accident","San Diego","San Diego","Escondido","CA","https://results.wilshirelawfirm.com/pedestrian-accident-lawyer/escondido/","(619) 257-2818","https://results.wilshirelawfirm.com/pedestrian-accident-lawyer/escondido/?kw={keyword}"
"injury","Pedestrian & Bicycle Accident","San Diego","San Diego","El Cajon","CA","https://results.wilshirelawfirm.com/pedestrian-accident-lawyer/el-cajon/","(619) 257-2818","https://results.wilshirelawfirm.com/pedestrian-accident-lawyer/el-cajon/?kw={keyword}"
"injury","Pedestrian & Bicycle Accident","San Diego","San Diego","Carlsbad","CA","https://results.wilshirelawfirm.com/pedestrian-accident-lawyer/carlsbad/","(619) 257-2818","https://results.wilshirelawfirm.com/pedestrian-accident-lawyer/carlsbad/?kw={keyword}"
"injury","Pedestrian & Bicycle Accident","San Diego","San Diego","National City","CA","https://results.wilshirelawfirm.com/pedestrian-accident-lawyer/national-city/","(619) 257-2818","https://results.wilshirelawfirm.com/pedestrian-accident-lawyer/national-city/?kw={keyword}"
"injury","Pedestrian & Bicycle Accident","Central Valley","Bakersfield (office)","Bakersfield","CA","https://results.wilshirelawfirm.com/pedestrian-accident-lawyer/bakersfield/","(800) 522-7274","https://results.wilshirelawfirm.com/pedestrian-accident-lawyer/bakersfield/?kw={keyword}"
"injury","Pedestrian & Bicycle Accident","Central Valley","Bakersfield","Delano","CA","https://results.wilshirelawfirm.com/pedestrian-accident-lawyer/delano/","(800) 522-7274","https://results.wilshirelawfirm.com/pedestrian-accident-lawyer/delano/?kw={keyword}"
"injury","Pedestrian & Bicycle Accident","Central Valley","Fresno (office)","Fresno","CA","https://results.wilshirelawfirm.com/pedestrian-accident-lawyer/fresno/","(800) 522-7274","https://results.wilshirelawfirm.com/pedestrian-accident-lawyer/fresno/?kw={keyword}"
"injury","Pedestrian & Bicycle Accident","Central Valley","Fresno","Clovis","CA","https://results.wilshirelawfirm.com/pedestrian-accident-lawyer/clovis/","(800) 522-7274","https://results.wilshirelawfirm.com/pedestrian-accident-lawyer/clovis/?kw={keyword}"
"injury","Pedestrian & Bicycle Accident","Central Valley","Fresno","Visalia","CA","https://results.wilshirelawfirm.com/pedestrian-accident-lawyer/visalia/","(800) 522-7274","https://results.wilshirelawfirm.com/pedestrian-accident-lawyer/visalia/?kw={keyword}"
"injury","Pedestrian & Bicycle Accident","Central Valley","Fresno","Madera","CA","https://results.wilshirelawfirm.com/pedestrian-accident-lawyer/madera/","(800) 522-7274","https://results.wilshirelawfirm.com/pedestrian-accident-lawyer/madera/?kw={keyword}"
"injury","Pedestrian & Bicycle Accident","Central Valley","Modesto (office)","Modesto","CA","https://results.wilshirelawfirm.com/pedestrian-accident-lawyer/modesto/","(800) 522-7274","https://results.wilshirelawfirm.com/pedestrian-accident-lawyer/modesto/?kw={keyword}"
"injury","Pedestrian & Bicycle Accident","Central Valley","Modesto","Stockton","CA","https://results.wilshirelawfirm.com/pedestrian-accident-lawyer/stockton/","(800) 522-7274","https://results.wilshirelawfirm.com/pedestrian-accident-lawyer/stockton/?kw={keyword}"
"injury","Pedestrian & Bicycle Accident","Central Valley","Modesto","Turlock","CA","https://results.wilshirelawfirm.com/pedestrian-accident-lawyer/turlock/","(800) 522-7274","https://results.wilshirelawfirm.com/pedestrian-accident-lawyer/turlock/?kw={keyword}"
"injury","Pedestrian & Bicycle Accident","Central Valley","Modesto","Merced","CA","https://results.wilshirelawfirm.com/pedestrian-accident-lawyer/merced/","(800) 522-7274","https://results.wilshirelawfirm.com/pedestrian-accident-lawyer/merced/?kw={keyword}"
"injury","Pedestrian & Bicycle Accident","Sacramento & Northern California","Sacramento (office)","Sacramento","CA","https://results.wilshirelawfirm.com/pedestrian-accident-lawyer/sacramento/","(916) 957-0598","https://results.wilshirelawfirm.com/pedestrian-accident-lawyer/sacramento/?kw={keyword}"
"injury","Pedestrian & Bicycle Accident","Sacramento & Northern California","Sacramento","Elk Grove","CA","https://results.wilshirelawfirm.com/pedestrian-accident-lawyer/elk-grove/","(916) 957-0598","https://results.wilshirelawfirm.com/pedestrian-accident-lawyer/elk-grove/?kw={keyword}"
"injury","Pedestrian & Bicycle Accident","Sacramento & Northern California","Sacramento","Roseville","CA","https://results.wilshirelawfirm.com/pedestrian-accident-lawyer/roseville/","(916) 957-0598","https://results.wilshirelawfirm.com/pedestrian-accident-lawyer/roseville/?kw={keyword}"
"injury","Pedestrian & Bicycle Accident","Sacramento & Northern California","Sacramento","Folsom","CA","https://results.wilshirelawfirm.com/pedestrian-accident-lawyer/folsom/","(916) 957-0598","https://results.wilshirelawfirm.com/pedestrian-accident-lawyer/folsom/?kw={keyword}"
"injury","Pedestrian & Bicycle Accident","Bay Area","Oakland (office)","Oakland","CA","https://results.wilshirelawfirm.com/pedestrian-accident-lawyer/oakland/","(510) 391-4877","https://results.wilshirelawfirm.com/pedestrian-accident-lawyer/oakland/?kw={keyword}"
"injury","Pedestrian & Bicycle Accident","Bay Area","Oakland","Berkeley","CA","https://results.wilshirelawfirm.com/pedestrian-accident-lawyer/berkeley/","(510) 391-4877","https://results.wilshirelawfirm.com/pedestrian-accident-lawyer/berkeley/?kw={keyword}"
"injury","Pedestrian & Bicycle Accident","Bay Area","Oakland","Hayward","CA","https://results.wilshirelawfirm.com/pedestrian-accident-lawyer/hayward/","(510) 391-4877","https://results.wilshirelawfirm.com/pedestrian-accident-lawyer/hayward/?kw={keyword}"
"injury","Pedestrian & Bicycle Accident","Bay Area","Oakland","Fremont","CA","https://results.wilshirelawfirm.com/pedestrian-accident-lawyer/fremont/","(510) 391-4877","https://results.wilshirelawfirm.com/pedestrian-accident-lawyer/fremont/?kw={keyword}"
"injury","Pedestrian & Bicycle Accident","Bay Area","Oakland","Richmond","CA","https://results.wilshirelawfirm.com/pedestrian-accident-lawyer/richmond/","(510) 391-4877","https://results.wilshirelawfirm.com/pedestrian-accident-lawyer/richmond/?kw={keyword}"
"injury","Pedestrian & Bicycle Accident","Bay Area","Oakland","Concord","CA","https://results.wilshirelawfirm.com/pedestrian-accident-lawyer/concord/","(510) 391-4877","https://results.wilshirelawfirm.com/pedestrian-accident-lawyer/concord/?kw={keyword}"
"injury","Pedestrian & Bicycle Accident","Bay Area","San Francisco (office)","San Francisco","CA","https://results.wilshirelawfirm.com/pedestrian-accident-lawyer/san-francisco/","(628) 895-2682","https://results.wilshirelawfirm.com/pedestrian-accident-lawyer/san-francisco/?kw={keyword}"
"injury","Pedestrian & Bicycle Accident","Bay Area","San Francisco","San Jose","CA","https://results.wilshirelawfirm.com/pedestrian-accident-lawyer/san-jose/","(628) 895-2682","https://results.wilshirelawfirm.com/pedestrian-accident-lawyer/san-jose/?kw={keyword}"
"injury","Pedestrian & Bicycle Accident","Bay Area","San Francisco","Daly City","CA","https://results.wilshirelawfirm.com/pedestrian-accident-lawyer/daly-city/","(628) 895-2682","https://results.wilshirelawfirm.com/pedestrian-accident-lawyer/daly-city/?kw={keyword}"
"injury","Pedestrian & Bicycle Accident","Bay Area","San Francisco","San Mateo","CA","https://results.wilshirelawfirm.com/pedestrian-accident-lawyer/san-mateo/","(628) 895-2682","https://results.wilshirelawfirm.com/pedestrian-accident-lawyer/san-mateo/?kw={keyword}"
"injury","Pedestrian & Bicycle Accident","Ventura & Central Coast","Oxnard (office)","Oxnard","CA","https://results.wilshirelawfirm.com/pedestrian-accident-lawyer/oxnard/","(800) 891-1876","https://results.wilshirelawfirm.com/pedestrian-accident-lawyer/oxnard/?kw={keyword}"
"injury","Pedestrian & Bicycle Accident","Ventura & Central Coast","Oxnard","Ventura","CA","https://results.wilshirelawfirm.com/pedestrian-accident-lawyer/ventura/","(800) 891-1876","https://results.wilshirelawfirm.com/pedestrian-accident-lawyer/ventura/?kw={keyword}"
"injury","Pedestrian & Bicycle Accident","Ventura & Central Coast","Oxnard","Thousand Oaks","CA","https://results.wilshirelawfirm.com/pedestrian-accident-lawyer/thousand-oaks/","(800) 891-1876","https://results.wilshirelawfirm.com/pedestrian-accident-lawyer/thousand-oaks/?kw={keyword}"
"injury","Pedestrian & Bicycle Accident","Ventura & Central Coast","Oxnard","Simi Valley","CA","https://results.wilshirelawfirm.com/pedestrian-accident-lawyer/simi-valley/","(800) 891-1876","https://results.wilshirelawfirm.com/pedestrian-accident-lawyer/simi-valley/?kw={keyword}"
"injury","Pedestrian & Bicycle Accident","Ventura & Central Coast","Oxnard","Santa Barbara","CA","https://results.wilshirelawfirm.com/pedestrian-accident-lawyer/santa-barbara/","(800) 891-1876","https://results.wilshirelawfirm.com/pedestrian-accident-lawyer/santa-barbara/?kw={keyword}"
"injury","Pedestrian & Bicycle Accident","Nevada","Las Vegas (office)","Las Vegas","NV","https://results.wilshirelawfirm.com/pedestrian-accident-lawyer/las-vegas/","(800) 522-7274","https://results.wilshirelawfirm.com/pedestrian-accident-lawyer/las-vegas/?kw={keyword}"
"injury","Pedestrian & Bicycle Accident","Nevada","Las Vegas","Henderson","NV","https://results.wilshirelawfirm.com/pedestrian-accident-lawyer/henderson/","(800) 522-7274","https://results.wilshirelawfirm.com/pedestrian-accident-lawyer/henderson/?kw={keyword}"
"injury","Pedestrian & Bicycle Accident","Nevada","Las Vegas","North Las Vegas","NV","https://results.wilshirelawfirm.com/pedestrian-accident-lawyer/north-las-vegas/","(800) 522-7274","https://results.wilshirelawfirm.com/pedestrian-accident-lawyer/north-las-vegas/?kw={keyword}"
"injury","Pedestrian & Bicycle Accident","Nevada","Las Vegas","Summerlin","NV","https://results.wilshirelawfirm.com/pedestrian-accident-lawyer/summerlin/","(800) 522-7274","https://results.wilshirelawfirm.com/pedestrian-accident-lawyer/summerlin/?kw={keyword}"
"injury","Slip & Fall / Premises","Statewide","—","California","CA","https://results.wilshirelawfirm.com/slip-and-fall-lawyer/","(800) 522-7274","https://results.wilshirelawfirm.com/slip-and-fall-lawyer/?kw={keyword}"
"injury","Slip & Fall / Premises","Statewide","—","Nevada","NV","https://results.wilshirelawfirm.com/slip-and-fall-lawyer/nevada/","(800) 522-7274","https://results.wilshirelawfirm.com/slip-and-fall-lawyer/nevada/?kw={keyword}"
"injury","Slip & Fall / Premises","Los Angeles","Los Angeles (office)","Los Angeles","CA","https://results.wilshirelawfirm.com/slip-and-fall-lawyer/los-angeles/","(213) 329-7576","https://results.wilshirelawfirm.com/slip-and-fall-lawyer/los-angeles/?kw={keyword}"
"injury","Slip & Fall / Premises","Los Angeles","Los Angeles","Downtown Los Angeles","CA","https://results.wilshirelawfirm.com/slip-and-fall-lawyer/downtown-los-angeles/","(213) 329-7576","https://results.wilshirelawfirm.com/slip-and-fall-lawyer/downtown-los-angeles/?kw={keyword}"
"injury","Slip & Fall / Premises","Los Angeles","Los Angeles","Hollywood","CA","https://results.wilshirelawfirm.com/slip-and-fall-lawyer/hollywood/","(213) 329-7576","https://results.wilshirelawfirm.com/slip-and-fall-lawyer/hollywood/?kw={keyword}"
"injury","Slip & Fall / Premises","Los Angeles","Los Angeles","Glendale","CA","https://results.wilshirelawfirm.com/slip-and-fall-lawyer/glendale/","(213) 329-7576","https://results.wilshirelawfirm.com/slip-and-fall-lawyer/glendale/?kw={keyword}"
"injury","Slip & Fall / Premises","Los Angeles","Los Angeles","Pasadena","CA","https://results.wilshirelawfirm.com/slip-and-fall-lawyer/pasadena/","(213) 329-7576","https://results.wilshirelawfirm.com/slip-and-fall-lawyer/pasadena/?kw={keyword}"
"injury","Slip & Fall / Premises","Los Angeles","Los Angeles","Burbank","CA","https://results.wilshirelawfirm.com/slip-and-fall-lawyer/burbank/","(213) 329-7576","https://results.wilshirelawfirm.com/slip-and-fall-lawyer/burbank/?kw={keyword}"
"injury","Slip & Fall / Premises","Los Angeles","Los Angeles","Santa Monica","CA","https://results.wilshirelawfirm.com/slip-and-fall-lawyer/santa-monica/","(213) 329-7576","https://results.wilshirelawfirm.com/slip-and-fall-lawyer/santa-monica/?kw={keyword}"
"injury","Slip & Fall / Premises","Los Angeles","Los Angeles","Inglewood","CA","https://results.wilshirelawfirm.com/slip-and-fall-lawyer/inglewood/","(213) 329-7576","https://results.wilshirelawfirm.com/slip-and-fall-lawyer/inglewood/?kw={keyword}"
"injury","Slip & Fall / Premises","Los Angeles","Los Angeles","Van Nuys","CA","https://results.wilshirelawfirm.com/slip-and-fall-lawyer/van-nuys/","(213) 329-7576","https://results.wilshirelawfirm.com/slip-and-fall-lawyer/van-nuys/?kw={keyword}"
"injury","Slip & Fall / Premises","Los Angeles","Los Angeles","East Los Angeles","CA","https://results.wilshirelawfirm.com/slip-and-fall-lawyer/east-los-angeles/","(213) 329-7576","https://results.wilshirelawfirm.com/slip-and-fall-lawyer/east-los-angeles/?kw={keyword}"
"injury","Slip & Fall / Premises","Los Angeles","Los Angeles","Koreatown","CA","https://results.wilshirelawfirm.com/slip-and-fall-lawyer/koreatown/","(213) 329-7576","https://results.wilshirelawfirm.com/slip-and-fall-lawyer/koreatown/?kw={keyword}"
"injury","Slip & Fall / Premises","Los Angeles","Los Angeles","Compton","CA","https://results.wilshirelawfirm.com/slip-and-fall-lawyer/compton/","(213) 329-7576","https://results.wilshirelawfirm.com/slip-and-fall-lawyer/compton/?kw={keyword}"
"injury","Slip & Fall / Premises","Los Angeles","Los Angeles","Whittier","CA","https://results.wilshirelawfirm.com/slip-and-fall-lawyer/whittier/","(213) 329-7576","https://results.wilshirelawfirm.com/slip-and-fall-lawyer/whittier/?kw={keyword}"
"injury","Slip & Fall / Premises","Los Angeles","Beverly Hills (office)","Beverly Hills","CA","https://results.wilshirelawfirm.com/slip-and-fall-lawyer/beverly-hills/","(310) 879-1030","https://results.wilshirelawfirm.com/slip-and-fall-lawyer/beverly-hills/?kw={keyword}"
"injury","Slip & Fall / Premises","Los Angeles","Beverly Hills","West Hollywood","CA","https://results.wilshirelawfirm.com/slip-and-fall-lawyer/west-hollywood/","(310) 879-1030","https://results.wilshirelawfirm.com/slip-and-fall-lawyer/west-hollywood/?kw={keyword}"
"injury","Slip & Fall / Premises","Los Angeles","Beverly Hills","Culver City","CA","https://results.wilshirelawfirm.com/slip-and-fall-lawyer/culver-city/","(310) 879-1030","https://results.wilshirelawfirm.com/slip-and-fall-lawyer/culver-city/?kw={keyword}"
"injury","Slip & Fall / Premises","Los Angeles","Beverly Hills","Westwood","CA","https://results.wilshirelawfirm.com/slip-and-fall-lawyer/westwood/","(310) 879-1030","https://results.wilshirelawfirm.com/slip-and-fall-lawyer/westwood/?kw={keyword}"
"injury","Slip & Fall / Premises","Los Angeles","Beverly Hills","Sherman Oaks","CA","https://results.wilshirelawfirm.com/slip-and-fall-lawyer/sherman-oaks/","(310) 879-1030","https://results.wilshirelawfirm.com/slip-and-fall-lawyer/sherman-oaks/?kw={keyword}"
"injury","Slip & Fall / Premises","Los Angeles","Torrance (office)","Torrance","CA","https://results.wilshirelawfirm.com/slip-and-fall-lawyer/torrance/","(310) 307-3316","https://results.wilshirelawfirm.com/slip-and-fall-lawyer/torrance/?kw={keyword}"
"injury","Slip & Fall / Premises","Los Angeles","Torrance","Carson","CA","https://results.wilshirelawfirm.com/slip-and-fall-lawyer/carson/","(310) 307-3316","https://results.wilshirelawfirm.com/slip-and-fall-lawyer/carson/?kw={keyword}"
"injury","Slip & Fall / Premises","Los Angeles","Torrance","Gardena","CA","https://results.wilshirelawfirm.com/slip-and-fall-lawyer/gardena/","(310) 307-3316","https://results.wilshirelawfirm.com/slip-and-fall-lawyer/gardena/?kw={keyword}"
"injury","Slip & Fall / Premises","Los Angeles","Torrance","Redondo Beach","CA","https://results.wilshirelawfirm.com/slip-and-fall-lawyer/redondo-beach/","(310) 307-3316","https://results.wilshirelawfirm.com/slip-and-fall-lawyer/redondo-beach/?kw={keyword}"
"injury","Slip & Fall / Premises","Los Angeles","Torrance","Hawthorne","CA","https://results.wilshirelawfirm.com/slip-and-fall-lawyer/hawthorne/","(310) 307-3316","https://results.wilshirelawfirm.com/slip-and-fall-lawyer/hawthorne/?kw={keyword}"
"injury","Slip & Fall / Premises","Los Angeles","Torrance","San Pedro","CA","https://results.wilshirelawfirm.com/slip-and-fall-lawyer/san-pedro/","(310) 307-3316","https://results.wilshirelawfirm.com/slip-and-fall-lawyer/san-pedro/?kw={keyword}"
"injury","Slip & Fall / Premises","Los Angeles","Long Beach (office)","Long Beach","CA","https://results.wilshirelawfirm.com/slip-and-fall-lawyer/long-beach/","(800) 522-7274","https://results.wilshirelawfirm.com/slip-and-fall-lawyer/long-beach/?kw={keyword}"
"injury","Slip & Fall / Premises","Los Angeles","Long Beach","Lakewood","CA","https://results.wilshirelawfirm.com/slip-and-fall-lawyer/lakewood/","(800) 522-7274","https://results.wilshirelawfirm.com/slip-and-fall-lawyer/lakewood/?kw={keyword}"
"injury","Slip & Fall / Premises","Los Angeles","Long Beach","Downey","CA","https://results.wilshirelawfirm.com/slip-and-fall-lawyer/downey/","(800) 522-7274","https://results.wilshirelawfirm.com/slip-and-fall-lawyer/downey/?kw={keyword}"
"injury","Slip & Fall / Premises","Los Angeles","Long Beach","Norwalk","CA","https://results.wilshirelawfirm.com/slip-and-fall-lawyer/norwalk/","(800) 522-7274","https://results.wilshirelawfirm.com/slip-and-fall-lawyer/norwalk/?kw={keyword}"
"injury","Slip & Fall / Premises","Los Angeles","Long Beach","Bellflower","CA","https://results.wilshirelawfirm.com/slip-and-fall-lawyer/bellflower/","(800) 522-7274","https://results.wilshirelawfirm.com/slip-and-fall-lawyer/bellflower/?kw={keyword}"
"injury","Slip & Fall / Premises","Los Angeles","Palmdale (office)","Palmdale","CA","https://results.wilshirelawfirm.com/slip-and-fall-lawyer/palmdale/","(800) 891-1876","https://results.wilshirelawfirm.com/slip-and-fall-lawyer/palmdale/?kw={keyword}"
"injury","Slip & Fall / Premises","Los Angeles","Palmdale","Santa Clarita","CA","https://results.wilshirelawfirm.com/slip-and-fall-lawyer/santa-clarita/","(800) 891-1876","https://results.wilshirelawfirm.com/slip-and-fall-lawyer/santa-clarita/?kw={keyword}"
"injury","Slip & Fall / Premises","Los Angeles","Palmdale","Victorville","CA","https://results.wilshirelawfirm.com/slip-and-fall-lawyer/victorville/","(800) 891-1876","https://results.wilshirelawfirm.com/slip-and-fall-lawyer/victorville/?kw={keyword}"
"injury","Slip & Fall / Premises","Los Angeles","Lancaster (office)","Lancaster","CA","https://results.wilshirelawfirm.com/slip-and-fall-lawyer/lancaster/","(800) 891-1876","https://results.wilshirelawfirm.com/slip-and-fall-lawyer/lancaster/?kw={keyword}"
"injury","Slip & Fall / Premises","Los Angeles","Lancaster","Antelope Valley","CA","https://results.wilshirelawfirm.com/slip-and-fall-lawyer/antelope-valley/","(800) 891-1876","https://results.wilshirelawfirm.com/slip-and-fall-lawyer/antelope-valley/?kw={keyword}"
"injury","Slip & Fall / Premises","Orange County","Irvine (office)","Irvine","CA","https://results.wilshirelawfirm.com/slip-and-fall-lawyer/irvine/","(949) 591-8266","https://results.wilshirelawfirm.com/slip-and-fall-lawyer/irvine/?kw={keyword}"
"injury","Slip & Fall / Premises","Orange County","Irvine","Santa Ana","CA","https://results.wilshirelawfirm.com/slip-and-fall-lawyer/santa-ana/","(949) 591-8266","https://results.wilshirelawfirm.com/slip-and-fall-lawyer/santa-ana/?kw={keyword}"
"injury","Slip & Fall / Premises","Orange County","Irvine","Huntington Beach","CA","https://results.wilshirelawfirm.com/slip-and-fall-lawyer/huntington-beach/","(949) 591-8266","https://results.wilshirelawfirm.com/slip-and-fall-lawyer/huntington-beach/?kw={keyword}"
"injury","Slip & Fall / Premises","Orange County","Irvine","Costa Mesa","CA","https://results.wilshirelawfirm.com/slip-and-fall-lawyer/costa-mesa/","(949) 591-8266","https://results.wilshirelawfirm.com/slip-and-fall-lawyer/costa-mesa/?kw={keyword}"
"injury","Slip & Fall / Premises","Orange County","Irvine","Newport Beach","CA","https://results.wilshirelawfirm.com/slip-and-fall-lawyer/newport-beach/","(949) 591-8266","https://results.wilshirelawfirm.com/slip-and-fall-lawyer/newport-beach/?kw={keyword}"
"injury","Slip & Fall / Premises","Orange County","Irvine","Mission Viejo","CA","https://results.wilshirelawfirm.com/slip-and-fall-lawyer/mission-viejo/","(949) 591-8266","https://results.wilshirelawfirm.com/slip-and-fall-lawyer/mission-viejo/?kw={keyword}"
"injury","Slip & Fall / Premises","Orange County","Irvine","Lake Forest","CA","https://results.wilshirelawfirm.com/slip-and-fall-lawyer/lake-forest/","(949) 591-8266","https://results.wilshirelawfirm.com/slip-and-fall-lawyer/lake-forest/?kw={keyword}"
"injury","Slip & Fall / Premises","Orange County","Irvine","Tustin","CA","https://results.wilshirelawfirm.com/slip-and-fall-lawyer/tustin/","(949) 591-8266","https://results.wilshirelawfirm.com/slip-and-fall-lawyer/tustin/?kw={keyword}"
"injury","Slip & Fall / Premises","Orange County","Orange (office)","Orange","CA","https://results.wilshirelawfirm.com/slip-and-fall-lawyer/orange/","(714) 386-1747","https://results.wilshirelawfirm.com/slip-and-fall-lawyer/orange/?kw={keyword}"
"injury","Slip & Fall / Premises","Orange County","Orange","Anaheim","CA","https://results.wilshirelawfirm.com/slip-and-fall-lawyer/anaheim/","(714) 386-1747","https://results.wilshirelawfirm.com/slip-and-fall-lawyer/anaheim/?kw={keyword}"
"injury","Slip & Fall / Premises","Orange County","Orange","Garden Grove","CA","https://results.wilshirelawfirm.com/slip-and-fall-lawyer/garden-grove/","(714) 386-1747","https://results.wilshirelawfirm.com/slip-and-fall-lawyer/garden-grove/?kw={keyword}"
"injury","Slip & Fall / Premises","Orange County","Orange","Fullerton","CA","https://results.wilshirelawfirm.com/slip-and-fall-lawyer/fullerton/","(714) 386-1747","https://results.wilshirelawfirm.com/slip-and-fall-lawyer/fullerton/?kw={keyword}"
"injury","Slip & Fall / Premises","Orange County","Orange","Westminster","CA","https://results.wilshirelawfirm.com/slip-and-fall-lawyer/westminster/","(714) 386-1747","https://results.wilshirelawfirm.com/slip-and-fall-lawyer/westminster/?kw={keyword}"
"injury","Slip & Fall / Premises","Inland Empire","Riverside (office)","Riverside","CA","https://results.wilshirelawfirm.com/slip-and-fall-lawyer/riverside/","(951) 557-6087","https://results.wilshirelawfirm.com/slip-and-fall-lawyer/riverside/?kw={keyword}"
"injury","Slip & Fall / Premises","Inland Empire","Riverside","Moreno Valley","CA","https://results.wilshirelawfirm.com/slip-and-fall-lawyer/moreno-valley/","(951) 557-6087","https://results.wilshirelawfirm.com/slip-and-fall-lawyer/moreno-valley/?kw={keyword}"
"injury","Slip & Fall / Premises","Inland Empire","Riverside","Corona","CA","https://results.wilshirelawfirm.com/slip-and-fall-lawyer/corona/","(951) 557-6087","https://results.wilshirelawfirm.com/slip-and-fall-lawyer/corona/?kw={keyword}"
"injury","Slip & Fall / Premises","Inland Empire","Riverside","Temecula","CA","https://results.wilshirelawfirm.com/slip-and-fall-lawyer/temecula/","(951) 557-6087","https://results.wilshirelawfirm.com/slip-and-fall-lawyer/temecula/?kw={keyword}"
"injury","Slip & Fall / Premises","Inland Empire","Riverside","Murrieta","CA","https://results.wilshirelawfirm.com/slip-and-fall-lawyer/murrieta/","(951) 557-6087","https://results.wilshirelawfirm.com/slip-and-fall-lawyer/murrieta/?kw={keyword}"
"injury","Slip & Fall / Premises","Inland Empire","Riverside","Hemet","CA","https://results.wilshirelawfirm.com/slip-and-fall-lawyer/hemet/","(951) 557-6087","https://results.wilshirelawfirm.com/slip-and-fall-lawyer/hemet/?kw={keyword}"
"injury","Slip & Fall / Premises","Inland Empire","Ontario (office)","Ontario","CA","https://results.wilshirelawfirm.com/slip-and-fall-lawyer/ontario/","(800) 522-7274","https://results.wilshirelawfirm.com/slip-and-fall-lawyer/ontario/?kw={keyword}"
"injury","Slip & Fall / Premises","Inland Empire","Ontario","San Bernardino","CA","https://results.wilshirelawfirm.com/slip-and-fall-lawyer/san-bernardino/","(800) 522-7274","https://results.wilshirelawfirm.com/slip-and-fall-lawyer/san-bernardino/?kw={keyword}"
"injury","Slip & Fall / Premises","Inland Empire","Ontario","Fontana","CA","https://results.wilshirelawfirm.com/slip-and-fall-lawyer/fontana/","(800) 522-7274","https://results.wilshirelawfirm.com/slip-and-fall-lawyer/fontana/?kw={keyword}"
"injury","Slip & Fall / Premises","Inland Empire","Ontario","Rancho Cucamonga","CA","https://results.wilshirelawfirm.com/slip-and-fall-lawyer/rancho-cucamonga/","(800) 522-7274","https://results.wilshirelawfirm.com/slip-and-fall-lawyer/rancho-cucamonga/?kw={keyword}"
"injury","Slip & Fall / Premises","Inland Empire","Ontario","Pomona","CA","https://results.wilshirelawfirm.com/slip-and-fall-lawyer/pomona/","(800) 522-7274","https://results.wilshirelawfirm.com/slip-and-fall-lawyer/pomona/?kw={keyword}"
"injury","Slip & Fall / Premises","Inland Empire","Ontario","Chino","CA","https://results.wilshirelawfirm.com/slip-and-fall-lawyer/chino/","(800) 522-7274","https://results.wilshirelawfirm.com/slip-and-fall-lawyer/chino/?kw={keyword}"
"injury","Slip & Fall / Premises","Inland Empire","Ontario","Rialto","CA","https://results.wilshirelawfirm.com/slip-and-fall-lawyer/rialto/","(800) 522-7274","https://results.wilshirelawfirm.com/slip-and-fall-lawyer/rialto/?kw={keyword}"
"injury","Slip & Fall / Premises","San Diego","San Diego (office)","San Diego","CA","https://results.wilshirelawfirm.com/slip-and-fall-lawyer/san-diego/","(619) 257-2818","https://results.wilshirelawfirm.com/slip-and-fall-lawyer/san-diego/?kw={keyword}"
"injury","Slip & Fall / Premises","San Diego","San Diego","Chula Vista","CA","https://results.wilshirelawfirm.com/slip-and-fall-lawyer/chula-vista/","(619) 257-2818","https://results.wilshirelawfirm.com/slip-and-fall-lawyer/chula-vista/?kw={keyword}"
"injury","Slip & Fall / Premises","San Diego","San Diego","Oceanside","CA","https://results.wilshirelawfirm.com/slip-and-fall-lawyer/oceanside/","(619) 257-2818","https://results.wilshirelawfirm.com/slip-and-fall-lawyer/oceanside/?kw={keyword}"
"injury","Slip & Fall / Premises","San Diego","San Diego","Escondido","CA","https://results.wilshirelawfirm.com/slip-and-fall-lawyer/escondido/","(619) 257-2818","https://results.wilshirelawfirm.com/slip-and-fall-lawyer/escondido/?kw={keyword}"
"injury","Slip & Fall / Premises","San Diego","San Diego","El Cajon","CA","https://results.wilshirelawfirm.com/slip-and-fall-lawyer/el-cajon/","(619) 257-2818","https://results.wilshirelawfirm.com/slip-and-fall-lawyer/el-cajon/?kw={keyword}"
"injury","Slip & Fall / Premises","San Diego","San Diego","Carlsbad","CA","https://results.wilshirelawfirm.com/slip-and-fall-lawyer/carlsbad/","(619) 257-2818","https://results.wilshirelawfirm.com/slip-and-fall-lawyer/carlsbad/?kw={keyword}"
"injury","Slip & Fall / Premises","San Diego","San Diego","National City","CA","https://results.wilshirelawfirm.com/slip-and-fall-lawyer/national-city/","(619) 257-2818","https://results.wilshirelawfirm.com/slip-and-fall-lawyer/national-city/?kw={keyword}"
"injury","Slip & Fall / Premises","Central Valley","Bakersfield (office)","Bakersfield","CA","https://results.wilshirelawfirm.com/slip-and-fall-lawyer/bakersfield/","(800) 522-7274","https://results.wilshirelawfirm.com/slip-and-fall-lawyer/bakersfield/?kw={keyword}"
"injury","Slip & Fall / Premises","Central Valley","Bakersfield","Delano","CA","https://results.wilshirelawfirm.com/slip-and-fall-lawyer/delano/","(800) 522-7274","https://results.wilshirelawfirm.com/slip-and-fall-lawyer/delano/?kw={keyword}"
"injury","Slip & Fall / Premises","Central Valley","Fresno (office)","Fresno","CA","https://results.wilshirelawfirm.com/slip-and-fall-lawyer/fresno/","(800) 522-7274","https://results.wilshirelawfirm.com/slip-and-fall-lawyer/fresno/?kw={keyword}"
"injury","Slip & Fall / Premises","Central Valley","Fresno","Clovis","CA","https://results.wilshirelawfirm.com/slip-and-fall-lawyer/clovis/","(800) 522-7274","https://results.wilshirelawfirm.com/slip-and-fall-lawyer/clovis/?kw={keyword}"
"injury","Slip & Fall / Premises","Central Valley","Fresno","Visalia","CA","https://results.wilshirelawfirm.com/slip-and-fall-lawyer/visalia/","(800) 522-7274","https://results.wilshirelawfirm.com/slip-and-fall-lawyer/visalia/?kw={keyword}"
"injury","Slip & Fall / Premises","Central Valley","Fresno","Madera","CA","https://results.wilshirelawfirm.com/slip-and-fall-lawyer/madera/","(800) 522-7274","https://results.wilshirelawfirm.com/slip-and-fall-lawyer/madera/?kw={keyword}"
"injury","Slip & Fall / Premises","Central Valley","Modesto (office)","Modesto","CA","https://results.wilshirelawfirm.com/slip-and-fall-lawyer/modesto/","(800) 522-7274","https://results.wilshirelawfirm.com/slip-and-fall-lawyer/modesto/?kw={keyword}"
"injury","Slip & Fall / Premises","Central Valley","Modesto","Stockton","CA","https://results.wilshirelawfirm.com/slip-and-fall-lawyer/stockton/","(800) 522-7274","https://results.wilshirelawfirm.com/slip-and-fall-lawyer/stockton/?kw={keyword}"
"injury","Slip & Fall / Premises","Central Valley","Modesto","Turlock","CA","https://results.wilshirelawfirm.com/slip-and-fall-lawyer/turlock/","(800) 522-7274","https://results.wilshirelawfirm.com/slip-and-fall-lawyer/turlock/?kw={keyword}"
"injury","Slip & Fall / Premises","Central Valley","Modesto","Merced","CA","https://results.wilshirelawfirm.com/slip-and-fall-lawyer/merced/","(800) 522-7274","https://results.wilshirelawfirm.com/slip-and-fall-lawyer/merced/?kw={keyword}"
"injury","Slip & Fall / Premises","Sacramento & Northern California","Sacramento (office)","Sacramento","CA","https://results.wilshirelawfirm.com/slip-and-fall-lawyer/sacramento/","(916) 957-0598","https://results.wilshirelawfirm.com/slip-and-fall-lawyer/sacramento/?kw={keyword}"
"injury","Slip & Fall / Premises","Sacramento & Northern California","Sacramento","Elk Grove","CA","https://results.wilshirelawfirm.com/slip-and-fall-lawyer/elk-grove/","(916) 957-0598","https://results.wilshirelawfirm.com/slip-and-fall-lawyer/elk-grove/?kw={keyword}"
"injury","Slip & Fall / Premises","Sacramento & Northern California","Sacramento","Roseville","CA","https://results.wilshirelawfirm.com/slip-and-fall-lawyer/roseville/","(916) 957-0598","https://results.wilshirelawfirm.com/slip-and-fall-lawyer/roseville/?kw={keyword}"
"injury","Slip & Fall / Premises","Sacramento & Northern California","Sacramento","Folsom","CA","https://results.wilshirelawfirm.com/slip-and-fall-lawyer/folsom/","(916) 957-0598","https://results.wilshirelawfirm.com/slip-and-fall-lawyer/folsom/?kw={keyword}"
"injury","Slip & Fall / Premises","Bay Area","Oakland (office)","Oakland","CA","https://results.wilshirelawfirm.com/slip-and-fall-lawyer/oakland/","(510) 391-4877","https://results.wilshirelawfirm.com/slip-and-fall-lawyer/oakland/?kw={keyword}"
"injury","Slip & Fall / Premises","Bay Area","Oakland","Berkeley","CA","https://results.wilshirelawfirm.com/slip-and-fall-lawyer/berkeley/","(510) 391-4877","https://results.wilshirelawfirm.com/slip-and-fall-lawyer/berkeley/?kw={keyword}"
"injury","Slip & Fall / Premises","Bay Area","Oakland","Hayward","CA","https://results.wilshirelawfirm.com/slip-and-fall-lawyer/hayward/","(510) 391-4877","https://results.wilshirelawfirm.com/slip-and-fall-lawyer/hayward/?kw={keyword}"
"injury","Slip & Fall / Premises","Bay Area","Oakland","Fremont","CA","https://results.wilshirelawfirm.com/slip-and-fall-lawyer/fremont/","(510) 391-4877","https://results.wilshirelawfirm.com/slip-and-fall-lawyer/fremont/?kw={keyword}"
"injury","Slip & Fall / Premises","Bay Area","Oakland","Richmond","CA","https://results.wilshirelawfirm.com/slip-and-fall-lawyer/richmond/","(510) 391-4877","https://results.wilshirelawfirm.com/slip-and-fall-lawyer/richmond/?kw={keyword}"
"injury","Slip & Fall / Premises","Bay Area","Oakland","Concord","CA","https://results.wilshirelawfirm.com/slip-and-fall-lawyer/concord/","(510) 391-4877","https://results.wilshirelawfirm.com/slip-and-fall-lawyer/concord/?kw={keyword}"
"injury","Slip & Fall / Premises","Bay Area","San Francisco (office)","San Francisco","CA","https://results.wilshirelawfirm.com/slip-and-fall-lawyer/san-francisco/","(628) 895-2682","https://results.wilshirelawfirm.com/slip-and-fall-lawyer/san-francisco/?kw={keyword}"
"injury","Slip & Fall / Premises","Bay Area","San Francisco","San Jose","CA","https://results.wilshirelawfirm.com/slip-and-fall-lawyer/san-jose/","(628) 895-2682","https://results.wilshirelawfirm.com/slip-and-fall-lawyer/san-jose/?kw={keyword}"
"injury","Slip & Fall / Premises","Bay Area","San Francisco","Daly City","CA","https://results.wilshirelawfirm.com/slip-and-fall-lawyer/daly-city/","(628) 895-2682","https://results.wilshirelawfirm.com/slip-and-fall-lawyer/daly-city/?kw={keyword}"
"injury","Slip & Fall / Premises","Bay Area","San Francisco","San Mateo","CA","https://results.wilshirelawfirm.com/slip-and-fall-lawyer/san-mateo/","(628) 895-2682","https://results.wilshirelawfirm.com/slip-and-fall-lawyer/san-mateo/?kw={keyword}"
"injury","Slip & Fall / Premises","Ventura & Central Coast","Oxnard (office)","Oxnard","CA","https://results.wilshirelawfirm.com/slip-and-fall-lawyer/oxnard/","(800) 891-1876","https://results.wilshirelawfirm.com/slip-and-fall-lawyer/oxnard/?kw={keyword}"
"injury","Slip & Fall / Premises","Ventura & Central Coast","Oxnard","Ventura","CA","https://results.wilshirelawfirm.com/slip-and-fall-lawyer/ventura/","(800) 891-1876","https://results.wilshirelawfirm.com/slip-and-fall-lawyer/ventura/?kw={keyword}"
"injury","Slip & Fall / Premises","Ventura & Central Coast","Oxnard","Thousand Oaks","CA","https://results.wilshirelawfirm.com/slip-and-fall-lawyer/thousand-oaks/","(800) 891-1876","https://results.wilshirelawfirm.com/slip-and-fall-lawyer/thousand-oaks/?kw={keyword}"
"injury","Slip & Fall / Premises","Ventura & Central Coast","Oxnard","Simi Valley","CA","https://results.wilshirelawfirm.com/slip-and-fall-lawyer/simi-valley/","(800) 891-1876","https://results.wilshirelawfirm.com/slip-and-fall-lawyer/simi-valley/?kw={keyword}"
"injury","Slip & Fall / Premises","Ventura & Central Coast","Oxnard","Santa Barbara","CA","https://results.wilshirelawfirm.com/slip-and-fall-lawyer/santa-barbara/","(800) 891-1876","https://results.wilshirelawfirm.com/slip-and-fall-lawyer/santa-barbara/?kw={keyword}"
"injury","Slip & Fall / Premises","Nevada","Las Vegas (office)","Las Vegas","NV","https://results.wilshirelawfirm.com/slip-and-fall-lawyer/las-vegas/","(800) 522-7274","https://results.wilshirelawfirm.com/slip-and-fall-lawyer/las-vegas/?kw={keyword}"
"injury","Slip & Fall / Premises","Nevada","Las Vegas","Henderson","NV","https://results.wilshirelawfirm.com/slip-and-fall-lawyer/henderson/","(800) 522-7274","https://results.wilshirelawfirm.com/slip-and-fall-lawyer/henderson/?kw={keyword}"
"injury","Slip & Fall / Premises","Nevada","Las Vegas","North Las Vegas","NV","https://results.wilshirelawfirm.com/slip-and-fall-lawyer/north-las-vegas/","(800) 522-7274","https://results.wilshirelawfirm.com/slip-and-fall-lawyer/north-las-vegas/?kw={keyword}"
"injury","Slip & Fall / Premises","Nevada","Las Vegas","Summerlin","NV","https://results.wilshirelawfirm.com/slip-and-fall-lawyer/summerlin/","(800) 522-7274","https://results.wilshirelawfirm.com/slip-and-fall-lawyer/summerlin/?kw={keyword}"
"injury","Wrongful Death","Statewide","—","California","CA","https://results.wilshirelawfirm.com/wrongful-death-lawyer/","(800) 522-7274","https://results.wilshirelawfirm.com/wrongful-death-lawyer/?kw={keyword}"
"injury","Wrongful Death","Statewide","—","Nevada","NV","https://results.wilshirelawfirm.com/wrongful-death-lawyer/nevada/","(800) 522-7274","https://results.wilshirelawfirm.com/wrongful-death-lawyer/nevada/?kw={keyword}"
"injury","Wrongful Death","Los Angeles","Los Angeles (office)","Los Angeles","CA","https://results.wilshirelawfirm.com/wrongful-death-lawyer/los-angeles/","(213) 329-7576","https://results.wilshirelawfirm.com/wrongful-death-lawyer/los-angeles/?kw={keyword}"
"injury","Wrongful Death","Los Angeles","Los Angeles","Downtown Los Angeles","CA","https://results.wilshirelawfirm.com/wrongful-death-lawyer/downtown-los-angeles/","(213) 329-7576","https://results.wilshirelawfirm.com/wrongful-death-lawyer/downtown-los-angeles/?kw={keyword}"
"injury","Wrongful Death","Los Angeles","Los Angeles","Hollywood","CA","https://results.wilshirelawfirm.com/wrongful-death-lawyer/hollywood/","(213) 329-7576","https://results.wilshirelawfirm.com/wrongful-death-lawyer/hollywood/?kw={keyword}"
"injury","Wrongful Death","Los Angeles","Los Angeles","Glendale","CA","https://results.wilshirelawfirm.com/wrongful-death-lawyer/glendale/","(213) 329-7576","https://results.wilshirelawfirm.com/wrongful-death-lawyer/glendale/?kw={keyword}"
"injury","Wrongful Death","Los Angeles","Los Angeles","Pasadena","CA","https://results.wilshirelawfirm.com/wrongful-death-lawyer/pasadena/","(213) 329-7576","https://results.wilshirelawfirm.com/wrongful-death-lawyer/pasadena/?kw={keyword}"
"injury","Wrongful Death","Los Angeles","Los Angeles","Burbank","CA","https://results.wilshirelawfirm.com/wrongful-death-lawyer/burbank/","(213) 329-7576","https://results.wilshirelawfirm.com/wrongful-death-lawyer/burbank/?kw={keyword}"
"injury","Wrongful Death","Los Angeles","Los Angeles","Santa Monica","CA","https://results.wilshirelawfirm.com/wrongful-death-lawyer/santa-monica/","(213) 329-7576","https://results.wilshirelawfirm.com/wrongful-death-lawyer/santa-monica/?kw={keyword}"
"injury","Wrongful Death","Los Angeles","Los Angeles","Inglewood","CA","https://results.wilshirelawfirm.com/wrongful-death-lawyer/inglewood/","(213) 329-7576","https://results.wilshirelawfirm.com/wrongful-death-lawyer/inglewood/?kw={keyword}"
"injury","Wrongful Death","Los Angeles","Los Angeles","Van Nuys","CA","https://results.wilshirelawfirm.com/wrongful-death-lawyer/van-nuys/","(213) 329-7576","https://results.wilshirelawfirm.com/wrongful-death-lawyer/van-nuys/?kw={keyword}"
"injury","Wrongful Death","Los Angeles","Los Angeles","East Los Angeles","CA","https://results.wilshirelawfirm.com/wrongful-death-lawyer/east-los-angeles/","(213) 329-7576","https://results.wilshirelawfirm.com/wrongful-death-lawyer/east-los-angeles/?kw={keyword}"
"injury","Wrongful Death","Los Angeles","Los Angeles","Koreatown","CA","https://results.wilshirelawfirm.com/wrongful-death-lawyer/koreatown/","(213) 329-7576","https://results.wilshirelawfirm.com/wrongful-death-lawyer/koreatown/?kw={keyword}"
"injury","Wrongful Death","Los Angeles","Los Angeles","Compton","CA","https://results.wilshirelawfirm.com/wrongful-death-lawyer/compton/","(213) 329-7576","https://results.wilshirelawfirm.com/wrongful-death-lawyer/compton/?kw={keyword}"
"injury","Wrongful Death","Los Angeles","Los Angeles","Whittier","CA","https://results.wilshirelawfirm.com/wrongful-death-lawyer/whittier/","(213) 329-7576","https://results.wilshirelawfirm.com/wrongful-death-lawyer/whittier/?kw={keyword}"
"injury","Wrongful Death","Los Angeles","Beverly Hills (office)","Beverly Hills","CA","https://results.wilshirelawfirm.com/wrongful-death-lawyer/beverly-hills/","(310) 879-1030","https://results.wilshirelawfirm.com/wrongful-death-lawyer/beverly-hills/?kw={keyword}"
"injury","Wrongful Death","Los Angeles","Beverly Hills","West Hollywood","CA","https://results.wilshirelawfirm.com/wrongful-death-lawyer/west-hollywood/","(310) 879-1030","https://results.wilshirelawfirm.com/wrongful-death-lawyer/west-hollywood/?kw={keyword}"
"injury","Wrongful Death","Los Angeles","Beverly Hills","Culver City","CA","https://results.wilshirelawfirm.com/wrongful-death-lawyer/culver-city/","(310) 879-1030","https://results.wilshirelawfirm.com/wrongful-death-lawyer/culver-city/?kw={keyword}"
"injury","Wrongful Death","Los Angeles","Beverly Hills","Westwood","CA","https://results.wilshirelawfirm.com/wrongful-death-lawyer/westwood/","(310) 879-1030","https://results.wilshirelawfirm.com/wrongful-death-lawyer/westwood/?kw={keyword}"
"injury","Wrongful Death","Los Angeles","Beverly Hills","Sherman Oaks","CA","https://results.wilshirelawfirm.com/wrongful-death-lawyer/sherman-oaks/","(310) 879-1030","https://results.wilshirelawfirm.com/wrongful-death-lawyer/sherman-oaks/?kw={keyword}"
"injury","Wrongful Death","Los Angeles","Torrance (office)","Torrance","CA","https://results.wilshirelawfirm.com/wrongful-death-lawyer/torrance/","(310) 307-3316","https://results.wilshirelawfirm.com/wrongful-death-lawyer/torrance/?kw={keyword}"
"injury","Wrongful Death","Los Angeles","Torrance","Carson","CA","https://results.wilshirelawfirm.com/wrongful-death-lawyer/carson/","(310) 307-3316","https://results.wilshirelawfirm.com/wrongful-death-lawyer/carson/?kw={keyword}"
"injury","Wrongful Death","Los Angeles","Torrance","Gardena","CA","https://results.wilshirelawfirm.com/wrongful-death-lawyer/gardena/","(310) 307-3316","https://results.wilshirelawfirm.com/wrongful-death-lawyer/gardena/?kw={keyword}"
"injury","Wrongful Death","Los Angeles","Torrance","Redondo Beach","CA","https://results.wilshirelawfirm.com/wrongful-death-lawyer/redondo-beach/","(310) 307-3316","https://results.wilshirelawfirm.com/wrongful-death-lawyer/redondo-beach/?kw={keyword}"
"injury","Wrongful Death","Los Angeles","Torrance","Hawthorne","CA","https://results.wilshirelawfirm.com/wrongful-death-lawyer/hawthorne/","(310) 307-3316","https://results.wilshirelawfirm.com/wrongful-death-lawyer/hawthorne/?kw={keyword}"
"injury","Wrongful Death","Los Angeles","Torrance","San Pedro","CA","https://results.wilshirelawfirm.com/wrongful-death-lawyer/san-pedro/","(310) 307-3316","https://results.wilshirelawfirm.com/wrongful-death-lawyer/san-pedro/?kw={keyword}"
"injury","Wrongful Death","Los Angeles","Long Beach (office)","Long Beach","CA","https://results.wilshirelawfirm.com/wrongful-death-lawyer/long-beach/","(800) 522-7274","https://results.wilshirelawfirm.com/wrongful-death-lawyer/long-beach/?kw={keyword}"
"injury","Wrongful Death","Los Angeles","Long Beach","Lakewood","CA","https://results.wilshirelawfirm.com/wrongful-death-lawyer/lakewood/","(800) 522-7274","https://results.wilshirelawfirm.com/wrongful-death-lawyer/lakewood/?kw={keyword}"
"injury","Wrongful Death","Los Angeles","Long Beach","Downey","CA","https://results.wilshirelawfirm.com/wrongful-death-lawyer/downey/","(800) 522-7274","https://results.wilshirelawfirm.com/wrongful-death-lawyer/downey/?kw={keyword}"
"injury","Wrongful Death","Los Angeles","Long Beach","Norwalk","CA","https://results.wilshirelawfirm.com/wrongful-death-lawyer/norwalk/","(800) 522-7274","https://results.wilshirelawfirm.com/wrongful-death-lawyer/norwalk/?kw={keyword}"
"injury","Wrongful Death","Los Angeles","Long Beach","Bellflower","CA","https://results.wilshirelawfirm.com/wrongful-death-lawyer/bellflower/","(800) 522-7274","https://results.wilshirelawfirm.com/wrongful-death-lawyer/bellflower/?kw={keyword}"
"injury","Wrongful Death","Los Angeles","Palmdale (office)","Palmdale","CA","https://results.wilshirelawfirm.com/wrongful-death-lawyer/palmdale/","(800) 891-1876","https://results.wilshirelawfirm.com/wrongful-death-lawyer/palmdale/?kw={keyword}"
"injury","Wrongful Death","Los Angeles","Palmdale","Santa Clarita","CA","https://results.wilshirelawfirm.com/wrongful-death-lawyer/santa-clarita/","(800) 891-1876","https://results.wilshirelawfirm.com/wrongful-death-lawyer/santa-clarita/?kw={keyword}"
"injury","Wrongful Death","Los Angeles","Palmdale","Victorville","CA","https://results.wilshirelawfirm.com/wrongful-death-lawyer/victorville/","(800) 891-1876","https://results.wilshirelawfirm.com/wrongful-death-lawyer/victorville/?kw={keyword}"
"injury","Wrongful Death","Los Angeles","Lancaster (office)","Lancaster","CA","https://results.wilshirelawfirm.com/wrongful-death-lawyer/lancaster/","(800) 891-1876","https://results.wilshirelawfirm.com/wrongful-death-lawyer/lancaster/?kw={keyword}"
"injury","Wrongful Death","Los Angeles","Lancaster","Antelope Valley","CA","https://results.wilshirelawfirm.com/wrongful-death-lawyer/antelope-valley/","(800) 891-1876","https://results.wilshirelawfirm.com/wrongful-death-lawyer/antelope-valley/?kw={keyword}"
"injury","Wrongful Death","Orange County","Irvine (office)","Irvine","CA","https://results.wilshirelawfirm.com/wrongful-death-lawyer/irvine/","(949) 591-8266","https://results.wilshirelawfirm.com/wrongful-death-lawyer/irvine/?kw={keyword}"
"injury","Wrongful Death","Orange County","Irvine","Santa Ana","CA","https://results.wilshirelawfirm.com/wrongful-death-lawyer/santa-ana/","(949) 591-8266","https://results.wilshirelawfirm.com/wrongful-death-lawyer/santa-ana/?kw={keyword}"
"injury","Wrongful Death","Orange County","Irvine","Huntington Beach","CA","https://results.wilshirelawfirm.com/wrongful-death-lawyer/huntington-beach/","(949) 591-8266","https://results.wilshirelawfirm.com/wrongful-death-lawyer/huntington-beach/?kw={keyword}"
"injury","Wrongful Death","Orange County","Irvine","Costa Mesa","CA","https://results.wilshirelawfirm.com/wrongful-death-lawyer/costa-mesa/","(949) 591-8266","https://results.wilshirelawfirm.com/wrongful-death-lawyer/costa-mesa/?kw={keyword}"
"injury","Wrongful Death","Orange County","Irvine","Newport Beach","CA","https://results.wilshirelawfirm.com/wrongful-death-lawyer/newport-beach/","(949) 591-8266","https://results.wilshirelawfirm.com/wrongful-death-lawyer/newport-beach/?kw={keyword}"
"injury","Wrongful Death","Orange County","Irvine","Mission Viejo","CA","https://results.wilshirelawfirm.com/wrongful-death-lawyer/mission-viejo/","(949) 591-8266","https://results.wilshirelawfirm.com/wrongful-death-lawyer/mission-viejo/?kw={keyword}"
"injury","Wrongful Death","Orange County","Irvine","Lake Forest","CA","https://results.wilshirelawfirm.com/wrongful-death-lawyer/lake-forest/","(949) 591-8266","https://results.wilshirelawfirm.com/wrongful-death-lawyer/lake-forest/?kw={keyword}"
"injury","Wrongful Death","Orange County","Irvine","Tustin","CA","https://results.wilshirelawfirm.com/wrongful-death-lawyer/tustin/","(949) 591-8266","https://results.wilshirelawfirm.com/wrongful-death-lawyer/tustin/?kw={keyword}"
"injury","Wrongful Death","Orange County","Orange (office)","Orange","CA","https://results.wilshirelawfirm.com/wrongful-death-lawyer/orange/","(714) 386-1747","https://results.wilshirelawfirm.com/wrongful-death-lawyer/orange/?kw={keyword}"
"injury","Wrongful Death","Orange County","Orange","Anaheim","CA","https://results.wilshirelawfirm.com/wrongful-death-lawyer/anaheim/","(714) 386-1747","https://results.wilshirelawfirm.com/wrongful-death-lawyer/anaheim/?kw={keyword}"
"injury","Wrongful Death","Orange County","Orange","Garden Grove","CA","https://results.wilshirelawfirm.com/wrongful-death-lawyer/garden-grove/","(714) 386-1747","https://results.wilshirelawfirm.com/wrongful-death-lawyer/garden-grove/?kw={keyword}"
"injury","Wrongful Death","Orange County","Orange","Fullerton","CA","https://results.wilshirelawfirm.com/wrongful-death-lawyer/fullerton/","(714) 386-1747","https://results.wilshirelawfirm.com/wrongful-death-lawyer/fullerton/?kw={keyword}"
"injury","Wrongful Death","Orange County","Orange","Westminster","CA","https://results.wilshirelawfirm.com/wrongful-death-lawyer/westminster/","(714) 386-1747","https://results.wilshirelawfirm.com/wrongful-death-lawyer/westminster/?kw={keyword}"
"injury","Wrongful Death","Inland Empire","Riverside (office)","Riverside","CA","https://results.wilshirelawfirm.com/wrongful-death-lawyer/riverside/","(951) 557-6087","https://results.wilshirelawfirm.com/wrongful-death-lawyer/riverside/?kw={keyword}"
"injury","Wrongful Death","Inland Empire","Riverside","Moreno Valley","CA","https://results.wilshirelawfirm.com/wrongful-death-lawyer/moreno-valley/","(951) 557-6087","https://results.wilshirelawfirm.com/wrongful-death-lawyer/moreno-valley/?kw={keyword}"
"injury","Wrongful Death","Inland Empire","Riverside","Corona","CA","https://results.wilshirelawfirm.com/wrongful-death-lawyer/corona/","(951) 557-6087","https://results.wilshirelawfirm.com/wrongful-death-lawyer/corona/?kw={keyword}"
"injury","Wrongful Death","Inland Empire","Riverside","Temecula","CA","https://results.wilshirelawfirm.com/wrongful-death-lawyer/temecula/","(951) 557-6087","https://results.wilshirelawfirm.com/wrongful-death-lawyer/temecula/?kw={keyword}"
"injury","Wrongful Death","Inland Empire","Riverside","Murrieta","CA","https://results.wilshirelawfirm.com/wrongful-death-lawyer/murrieta/","(951) 557-6087","https://results.wilshirelawfirm.com/wrongful-death-lawyer/murrieta/?kw={keyword}"
"injury","Wrongful Death","Inland Empire","Riverside","Hemet","CA","https://results.wilshirelawfirm.com/wrongful-death-lawyer/hemet/","(951) 557-6087","https://results.wilshirelawfirm.com/wrongful-death-lawyer/hemet/?kw={keyword}"
"injury","Wrongful Death","Inland Empire","Ontario (office)","Ontario","CA","https://results.wilshirelawfirm.com/wrongful-death-lawyer/ontario/","(800) 522-7274","https://results.wilshirelawfirm.com/wrongful-death-lawyer/ontario/?kw={keyword}"
"injury","Wrongful Death","Inland Empire","Ontario","San Bernardino","CA","https://results.wilshirelawfirm.com/wrongful-death-lawyer/san-bernardino/","(800) 522-7274","https://results.wilshirelawfirm.com/wrongful-death-lawyer/san-bernardino/?kw={keyword}"
"injury","Wrongful Death","Inland Empire","Ontario","Fontana","CA","https://results.wilshirelawfirm.com/wrongful-death-lawyer/fontana/","(800) 522-7274","https://results.wilshirelawfirm.com/wrongful-death-lawyer/fontana/?kw={keyword}"
"injury","Wrongful Death","Inland Empire","Ontario","Rancho Cucamonga","CA","https://results.wilshirelawfirm.com/wrongful-death-lawyer/rancho-cucamonga/","(800) 522-7274","https://results.wilshirelawfirm.com/wrongful-death-lawyer/rancho-cucamonga/?kw={keyword}"
"injury","Wrongful Death","Inland Empire","Ontario","Pomona","CA","https://results.wilshirelawfirm.com/wrongful-death-lawyer/pomona/","(800) 522-7274","https://results.wilshirelawfirm.com/wrongful-death-lawyer/pomona/?kw={keyword}"
"injury","Wrongful Death","Inland Empire","Ontario","Chino","CA","https://results.wilshirelawfirm.com/wrongful-death-lawyer/chino/","(800) 522-7274","https://results.wilshirelawfirm.com/wrongful-death-lawyer/chino/?kw={keyword}"
"injury","Wrongful Death","Inland Empire","Ontario","Rialto","CA","https://results.wilshirelawfirm.com/wrongful-death-lawyer/rialto/","(800) 522-7274","https://results.wilshirelawfirm.com/wrongful-death-lawyer/rialto/?kw={keyword}"
"injury","Wrongful Death","San Diego","San Diego (office)","San Diego","CA","https://results.wilshirelawfirm.com/wrongful-death-lawyer/san-diego/","(619) 257-2818","https://results.wilshirelawfirm.com/wrongful-death-lawyer/san-diego/?kw={keyword}"
"injury","Wrongful Death","San Diego","San Diego","Chula Vista","CA","https://results.wilshirelawfirm.com/wrongful-death-lawyer/chula-vista/","(619) 257-2818","https://results.wilshirelawfirm.com/wrongful-death-lawyer/chula-vista/?kw={keyword}"
"injury","Wrongful Death","San Diego","San Diego","Oceanside","CA","https://results.wilshirelawfirm.com/wrongful-death-lawyer/oceanside/","(619) 257-2818","https://results.wilshirelawfirm.com/wrongful-death-lawyer/oceanside/?kw={keyword}"
"injury","Wrongful Death","San Diego","San Diego","Escondido","CA","https://results.wilshirelawfirm.com/wrongful-death-lawyer/escondido/","(619) 257-2818","https://results.wilshirelawfirm.com/wrongful-death-lawyer/escondido/?kw={keyword}"
"injury","Wrongful Death","San Diego","San Diego","El Cajon","CA","https://results.wilshirelawfirm.com/wrongful-death-lawyer/el-cajon/","(619) 257-2818","https://results.wilshirelawfirm.com/wrongful-death-lawyer/el-cajon/?kw={keyword}"
"injury","Wrongful Death","San Diego","San Diego","Carlsbad","CA","https://results.wilshirelawfirm.com/wrongful-death-lawyer/carlsbad/","(619) 257-2818","https://results.wilshirelawfirm.com/wrongful-death-lawyer/carlsbad/?kw={keyword}"
"injury","Wrongful Death","San Diego","San Diego","National City","CA","https://results.wilshirelawfirm.com/wrongful-death-lawyer/national-city/","(619) 257-2818","https://results.wilshirelawfirm.com/wrongful-death-lawyer/national-city/?kw={keyword}"
"injury","Wrongful Death","Central Valley","Bakersfield (office)","Bakersfield","CA","https://results.wilshirelawfirm.com/wrongful-death-lawyer/bakersfield/","(800) 522-7274","https://results.wilshirelawfirm.com/wrongful-death-lawyer/bakersfield/?kw={keyword}"
"injury","Wrongful Death","Central Valley","Bakersfield","Delano","CA","https://results.wilshirelawfirm.com/wrongful-death-lawyer/delano/","(800) 522-7274","https://results.wilshirelawfirm.com/wrongful-death-lawyer/delano/?kw={keyword}"
"injury","Wrongful Death","Central Valley","Fresno (office)","Fresno","CA","https://results.wilshirelawfirm.com/wrongful-death-lawyer/fresno/","(800) 522-7274","https://results.wilshirelawfirm.com/wrongful-death-lawyer/fresno/?kw={keyword}"
"injury","Wrongful Death","Central Valley","Fresno","Clovis","CA","https://results.wilshirelawfirm.com/wrongful-death-lawyer/clovis/","(800) 522-7274","https://results.wilshirelawfirm.com/wrongful-death-lawyer/clovis/?kw={keyword}"
"injury","Wrongful Death","Central Valley","Fresno","Visalia","CA","https://results.wilshirelawfirm.com/wrongful-death-lawyer/visalia/","(800) 522-7274","https://results.wilshirelawfirm.com/wrongful-death-lawyer/visalia/?kw={keyword}"
"injury","Wrongful Death","Central Valley","Fresno","Madera","CA","https://results.wilshirelawfirm.com/wrongful-death-lawyer/madera/","(800) 522-7274","https://results.wilshirelawfirm.com/wrongful-death-lawyer/madera/?kw={keyword}"
"injury","Wrongful Death","Central Valley","Modesto (office)","Modesto","CA","https://results.wilshirelawfirm.com/wrongful-death-lawyer/modesto/","(800) 522-7274","https://results.wilshirelawfirm.com/wrongful-death-lawyer/modesto/?kw={keyword}"
"injury","Wrongful Death","Central Valley","Modesto","Stockton","CA","https://results.wilshirelawfirm.com/wrongful-death-lawyer/stockton/","(800) 522-7274","https://results.wilshirelawfirm.com/wrongful-death-lawyer/stockton/?kw={keyword}"
"injury","Wrongful Death","Central Valley","Modesto","Turlock","CA","https://results.wilshirelawfirm.com/wrongful-death-lawyer/turlock/","(800) 522-7274","https://results.wilshirelawfirm.com/wrongful-death-lawyer/turlock/?kw={keyword}"
"injury","Wrongful Death","Central Valley","Modesto","Merced","CA","https://results.wilshirelawfirm.com/wrongful-death-lawyer/merced/","(800) 522-7274","https://results.wilshirelawfirm.com/wrongful-death-lawyer/merced/?kw={keyword}"
"injury","Wrongful Death","Sacramento & Northern California","Sacramento (office)","Sacramento","CA","https://results.wilshirelawfirm.com/wrongful-death-lawyer/sacramento/","(916) 957-0598","https://results.wilshirelawfirm.com/wrongful-death-lawyer/sacramento/?kw={keyword}"
"injury","Wrongful Death","Sacramento & Northern California","Sacramento","Elk Grove","CA","https://results.wilshirelawfirm.com/wrongful-death-lawyer/elk-grove/","(916) 957-0598","https://results.wilshirelawfirm.com/wrongful-death-lawyer/elk-grove/?kw={keyword}"
"injury","Wrongful Death","Sacramento & Northern California","Sacramento","Roseville","CA","https://results.wilshirelawfirm.com/wrongful-death-lawyer/roseville/","(916) 957-0598","https://results.wilshirelawfirm.com/wrongful-death-lawyer/roseville/?kw={keyword}"
"injury","Wrongful Death","Sacramento & Northern California","Sacramento","Folsom","CA","https://results.wilshirelawfirm.com/wrongful-death-lawyer/folsom/","(916) 957-0598","https://results.wilshirelawfirm.com/wrongful-death-lawyer/folsom/?kw={keyword}"
"injury","Wrongful Death","Bay Area","Oakland (office)","Oakland","CA","https://results.wilshirelawfirm.com/wrongful-death-lawyer/oakland/","(510) 391-4877","https://results.wilshirelawfirm.com/wrongful-death-lawyer/oakland/?kw={keyword}"
"injury","Wrongful Death","Bay Area","Oakland","Berkeley","CA","https://results.wilshirelawfirm.com/wrongful-death-lawyer/berkeley/","(510) 391-4877","https://results.wilshirelawfirm.com/wrongful-death-lawyer/berkeley/?kw={keyword}"
"injury","Wrongful Death","Bay Area","Oakland","Hayward","CA","https://results.wilshirelawfirm.com/wrongful-death-lawyer/hayward/","(510) 391-4877","https://results.wilshirelawfirm.com/wrongful-death-lawyer/hayward/?kw={keyword}"
"injury","Wrongful Death","Bay Area","Oakland","Fremont","CA","https://results.wilshirelawfirm.com/wrongful-death-lawyer/fremont/","(510) 391-4877","https://results.wilshirelawfirm.com/wrongful-death-lawyer/fremont/?kw={keyword}"
"injury","Wrongful Death","Bay Area","Oakland","Richmond","CA","https://results.wilshirelawfirm.com/wrongful-death-lawyer/richmond/","(510) 391-4877","https://results.wilshirelawfirm.com/wrongful-death-lawyer/richmond/?kw={keyword}"
"injury","Wrongful Death","Bay Area","Oakland","Concord","CA","https://results.wilshirelawfirm.com/wrongful-death-lawyer/concord/","(510) 391-4877","https://results.wilshirelawfirm.com/wrongful-death-lawyer/concord/?kw={keyword}"
"injury","Wrongful Death","Bay Area","San Francisco (office)","San Francisco","CA","https://results.wilshirelawfirm.com/wrongful-death-lawyer/san-francisco/","(628) 895-2682","https://results.wilshirelawfirm.com/wrongful-death-lawyer/san-francisco/?kw={keyword}"
"injury","Wrongful Death","Bay Area","San Francisco","San Jose","CA","https://results.wilshirelawfirm.com/wrongful-death-lawyer/san-jose/","(628) 895-2682","https://results.wilshirelawfirm.com/wrongful-death-lawyer/san-jose/?kw={keyword}"
"injury","Wrongful Death","Bay Area","San Francisco","Daly City","CA","https://results.wilshirelawfirm.com/wrongful-death-lawyer/daly-city/","(628) 895-2682","https://results.wilshirelawfirm.com/wrongful-death-lawyer/daly-city/?kw={keyword}"
"injury","Wrongful Death","Bay Area","San Francisco","San Mateo","CA","https://results.wilshirelawfirm.com/wrongful-death-lawyer/san-mateo/","(628) 895-2682","https://results.wilshirelawfirm.com/wrongful-death-lawyer/san-mateo/?kw={keyword}"
"injury","Wrongful Death","Ventura & Central Coast","Oxnard (office)","Oxnard","CA","https://results.wilshirelawfirm.com/wrongful-death-lawyer/oxnard/","(800) 891-1876","https://results.wilshirelawfirm.com/wrongful-death-lawyer/oxnard/?kw={keyword}"
"injury","Wrongful Death","Ventura & Central Coast","Oxnard","Ventura","CA","https://results.wilshirelawfirm.com/wrongful-death-lawyer/ventura/","(800) 891-1876","https://results.wilshirelawfirm.com/wrongful-death-lawyer/ventura/?kw={keyword}"
"injury","Wrongful Death","Ventura & Central Coast","Oxnard","Thousand Oaks","CA","https://results.wilshirelawfirm.com/wrongful-death-lawyer/thousand-oaks/","(800) 891-1876","https://results.wilshirelawfirm.com/wrongful-death-lawyer/thousand-oaks/?kw={keyword}"
"injury","Wrongful Death","Ventura & Central Coast","Oxnard","Simi Valley","CA","https://results.wilshirelawfirm.com/wrongful-death-lawyer/simi-valley/","(800) 891-1876","https://results.wilshirelawfirm.com/wrongful-death-lawyer/simi-valley/?kw={keyword}"
"injury","Wrongful Death","Ventura & Central Coast","Oxnard","Santa Barbara","CA","https://results.wilshirelawfirm.com/wrongful-death-lawyer/santa-barbara/","(800) 891-1876","https://results.wilshirelawfirm.com/wrongful-death-lawyer/santa-barbara/?kw={keyword}"
"injury","Wrongful Death","Nevada","Las Vegas (office)","Las Vegas","NV","https://results.wilshirelawfirm.com/wrongful-death-lawyer/las-vegas/","(800) 522-7274","https://results.wilshirelawfirm.com/wrongful-death-lawyer/las-vegas/?kw={keyword}"
"injury","Wrongful Death","Nevada","Las Vegas","Henderson","NV","https://results.wilshirelawfirm.com/wrongful-death-lawyer/henderson/","(800) 522-7274","https://results.wilshirelawfirm.com/wrongful-death-lawyer/henderson/?kw={keyword}"
"injury","Wrongful Death","Nevada","Las Vegas","North Las Vegas","NV","https://results.wilshirelawfirm.com/wrongful-death-lawyer/north-las-vegas/","(800) 522-7274","https://results.wilshirelawfirm.com/wrongful-death-lawyer/north-las-vegas/?kw={keyword}"
"injury","Wrongful Death","Nevada","Las Vegas","Summerlin","NV","https://results.wilshirelawfirm.com/wrongful-death-lawyer/summerlin/","(800) 522-7274","https://results.wilshirelawfirm.com/wrongful-death-lawyer/summerlin/?kw={keyword}"